Dátum/Idő;+A;-A
MAXIMUM ÉRTÉK;0.9370;1.8670
ÖSSZEG;213.1780;1188.7000
2025.05.01. 00:00;0.147;0
2025.05.01. 00:15;0.152;0
2025.05.01. 00:30;0.191;0
2025.05.01. 00:45;0.138;0
2025.05.01. 01:00;0.123;0
2025.05.01. 01:15;0.13;0
2025.05.01. 01:30;0.129;0
2025.05.01. 01:45;0.132;0
2025.05.01. 02:00;0.143;0
2025.05.01. 02:15;0.132;0
2025.05.01. 02:30;0.135;0
2025.05.01. 02:45;0.116;0
2025.05.01. 03:00;0.134;0
2025.05.01. 03:15;0.154;0
2025.05.01. 03:30;0.167;0
2025.05.01. 03:45;0.169;0
2025.05.01. 04:00;0.159;0
2025.05.01. 04:15;0.159;0
2025.05.01. 04:30;0.181;0
2025.05.01. 04:45;0.165;0
2025.05.01. 05:00;0.162;0
2025.05.01. 05:15;0.154;0
2025.05.01. 05:30;0.141;0
2025.05.01. 05:45;0.126;0
2025.05.01. 06:00;0.08;0
2025.05.01. 06:15;0.069;0.006
2025.05.01. 06:30;0.087;0.013
2025.05.01. 06:45;0.063;0
2025.05.01. 07:00;0.038;0.02
2025.05.01. 07:15;0.023;0.037
2025.05.01. 07:30;0.022;0.053
2025.05.01. 07:45;0.008;0.192
2025.05.01. 08:00;0;0.446
2025.05.01. 08:15;0;0.55
2025.05.01. 08:30;0;0.743
2025.05.01. 08:45;0;0.916
2025.05.01. 09:00;0.034;0.924
2025.05.01. 09:15;0;1.037
2025.05.01. 09:30;0;1.079
2025.05.01. 09:45;0;1.064
2025.05.01. 10:00;0;1.12
2025.05.01. 10:15;0;1.16
2025.05.01. 10:30;0.003;1.22
2025.05.01. 10:45;0.108;1.091
2025.05.01. 11:00;0;1.332
2025.05.01. 11:15;0.001;1.346
2025.05.01. 11:30;0;1.403
2025.05.01. 11:45;0;1.479
2025.05.01. 12:00;0;1.525
2025.05.01. 12:15;0;1.532
2025.05.01. 12:30;0;1.58
2025.05.01. 12:45;0;1.606
2025.05.01. 13:00;0;1.624
2025.05.01. 13:15;0;1.599
2025.05.01. 13:30;0;1.496
2025.05.01. 13:45;0;1.474
2025.05.01. 14:00;0.015;1.382
2025.05.01. 14:15;0.015;1.356
2025.05.01. 14:30;0.009;1.193
2025.05.01. 14:45;0.058;1.096
2025.05.01. 15:00;0.018;1.133
2025.05.01. 15:15;0;1.096
2025.05.01. 15:30;0.04;0.996
2025.05.01. 15:45;0;1.014
2025.05.01. 16:00;0.22;0.79
2025.05.01. 16:15;0.002;0.947
2025.05.01. 16:30;0;0.942
2025.05.01. 16:45;0;0.971
2025.05.01. 17:00;0;0.938
2025.05.01. 17:15;0;0.872
2025.05.01. 17:30;0.088;0.767
2025.05.01. 17:45;0.012;0.81
2025.05.01. 18:00;0;0.782
2025.05.01. 18:15;0;0.74
2025.05.01. 18:30;0;0.689
2025.05.01. 18:45;0.001;0.575
2025.05.01. 19:00;0;0.414
2025.05.01. 19:15;0.033;0.117
2025.05.01. 19:30;0.091;0.022
2025.05.01. 19:45;0.111;0.004
2025.05.01. 20:00;0.132;0.001
2025.05.01. 20:15;0.193;0
2025.05.01. 20:30;0.167;0
2025.05.01. 20:45;0.142;0
2025.05.01. 21:00;0.139;0
2025.05.01. 21:15;0.158;0
2025.05.01. 21:30;0.197;0
2025.05.01. 21:45;0.198;0
2025.05.01. 22:00;0.208;0
2025.05.01. 22:15;0.206;0
2025.05.01. 22:30;0.166;0
2025.05.01. 22:45;0.173;0
2025.05.01. 23:00;0.169;0
2025.05.01. 23:15;0.157;0
2025.05.01. 23:30;0.156;0
2025.05.01. 23:45;0.177;0
2025.05.02. 00:00;0.191;0
2025.05.02. 00:15;0.179;0
2025.05.02. 00:30;0.131;0
2025.05.02. 00:45;0.233;0
2025.05.02. 01:00;0.119;0
2025.05.02. 01:15;0.101;0
2025.05.02. 01:30;0.118;0
2025.05.02. 01:45;0.139;0
2025.05.02. 02:00;0.094;0
2025.05.02. 02:15;0.092;0
2025.05.02. 02:30;0.089;0
2025.05.02. 02:45;0.091;0
2025.05.02. 03:00;0.101;0
2025.05.02. 03:15;0.091;0
2025.05.02. 03:30;0.075;0
2025.05.02. 03:45;0.069;0
2025.05.02. 04:00;0.06;0
2025.05.02. 04:15;0.05;0
2025.05.02. 04:30;0.083;0
2025.05.02. 04:45;0.071;0
2025.05.02. 05:00;0.058;0
2025.05.02. 05:15;0.169;0
2025.05.02. 05:30;0.048;0
2025.05.02. 05:45;0.049;0
2025.05.02. 06:00;0.061;0.006
2025.05.02. 06:15;0.077;0.011
2025.05.02. 06:30;0.051;0.022
2025.05.02. 06:45;0.045;0.036
2025.05.02. 07:00;0.049;0.046
2025.05.02. 07:15;0.07;0.061
2025.05.02. 07:30;0.057;0.073
2025.05.02. 07:45;0.014;0.205
2025.05.02. 08:00;0;0.458
2025.05.02. 08:15;0;0.577
2025.05.02. 08:30;0;0.865
2025.05.02. 08:45;0.029;0.879
2025.05.02. 09:00;0;1.04
2025.05.02. 09:15;0.005;1.06
2025.05.02. 09:30;0;1.139
2025.05.02. 09:45;0;1.196
2025.05.02. 10:00;0;1.227
2025.05.02. 10:15;0;1.242
2025.05.02. 10:30;0;1.321
2025.05.02. 10:45;0.005;1.304
2025.05.02. 11:00;0;1.441
2025.05.02. 11:15;0;1.473
2025.05.02. 11:30;0;1.495
2025.05.02. 11:45;0;1.49
2025.05.02. 12:00;0;1.525
2025.05.02. 12:15;0;1.549
2025.05.02. 12:30;0;1.571
2025.05.02. 12:45;0;1.581
2025.05.02. 13:00;0;1.623
2025.05.02. 13:15;0;1.605
2025.05.02. 13:30;0;1.588
2025.05.02. 13:45;0;1.493
2025.05.02. 14:00;0;1.456
2025.05.02. 14:15;0;1.428
2025.05.02. 14:30;0;1.329
2025.05.02. 14:45;0;1.232
2025.05.02. 15:00;0;1.208
2025.05.02. 15:15;0;1.173
2025.05.02. 15:30;0;1.141
2025.05.02. 15:45;0;1.075
2025.05.02. 16:00;0;1.027
2025.05.02. 16:15;0.031;0.946
2025.05.02. 16:30;0;0.983
2025.05.02. 16:45;0;0.737
2025.05.02. 17:00;0;0.868
2025.05.02. 17:15;0;0.878
2025.05.02. 17:30;0;0.82
2025.05.02. 17:45;0;0.685
2025.05.02. 18:00;0;0.592
2025.05.02. 18:15;0;0.725
2025.05.02. 18:30;0;0.647
2025.05.02. 18:45;0;0.557
2025.05.02. 19:00;0;0.412
2025.05.02. 19:15;0.052;0.137
2025.05.02. 19:30;0.129;0.013
2025.05.02. 19:45;0.174;0.004
2025.05.02. 20:00;0.425;0
2025.05.02. 20:15;0.272;0
2025.05.02. 20:30;0.181;0
2025.05.02. 20:45;0.172;0
2025.05.02. 21:00;0.495;0
2025.05.02. 21:15;0.312;0
2025.05.02. 21:30;0.084;0
2025.05.02. 21:45;0.084;0
2025.05.02. 22:00;0.187;0
2025.05.02. 22:15;0.134;0
2025.05.02. 22:30;0.099;0
2025.05.02. 22:45;0.082;0
2025.05.02. 23:00;0.078;0
2025.05.02. 23:15;0.103;0
2025.05.02. 23:30;0.12;0
2025.05.02. 23:45;0.12;0
2025.05.03. 00:00;0.116;0
2025.05.03. 00:15;0.1;0
2025.05.03. 00:30;0.095;0
2025.05.03. 00:45;0.117;0
2025.05.03. 01:00;0.133;0
2025.05.03. 01:15;0.118;0
2025.05.03. 01:30;0.126;0
2025.05.03. 01:45;0.111;0
2025.05.03. 02:00;0.101;0
2025.05.03. 02:15;0.106;0
2025.05.03. 02:30;0.091;0
2025.05.03. 02:45;0.081;0
2025.05.03. 03:00;0.082;0
2025.05.03. 03:15;0.072;0
2025.05.03. 03:30;0.068;0
2025.05.03. 03:45;0.097;0
2025.05.03. 04:00;0.078;0
2025.05.03. 04:15;0.074;0
2025.05.03. 04:30;0.093;0
2025.05.03. 04:45;0.096;0
2025.05.03. 05:00;0.078;0
2025.05.03. 05:15;0.079;0
2025.05.03. 05:30;0.089;0
2025.05.03. 05:45;0.089;0
2025.05.03. 06:00;0.076;0.004
2025.05.03. 06:15;0.079;0.011
2025.05.03. 06:30;0.094;0.026
2025.05.03. 06:45;0.076;0.05
2025.05.03. 07:00;0.056;0.054
2025.05.03. 07:15;0.044;0.072
2025.05.03. 07:30;0.038;0.077
2025.05.03. 07:45;0.106;0.192
2025.05.03. 08:00;0;0.374
2025.05.03. 08:15;0.013;0.448
2025.05.03. 08:30;0;0.759
2025.05.03. 08:45;0;0.936
2025.05.03. 09:00;0;0.999
2025.05.03. 09:15;0;1.122
2025.05.03. 09:30;0;1.13
2025.05.03. 09:45;0;1.055
2025.05.03. 10:00;0;1.201
2025.05.03. 10:15;0;1.268
2025.05.03. 10:30;0.063;1.12
2025.05.03. 10:45;0.008;1.296
2025.05.03. 11:00;0;1.362
2025.05.03. 11:15;0;1.423
2025.05.03. 11:30;0;1.467
2025.05.03. 11:45;0;1.482
2025.05.03. 12:00;0.289;1.17
2025.05.03. 12:15;0.019;0.987
2025.05.03. 12:30;0;1.489
2025.05.03. 12:45;0;1.523
2025.05.03. 13:00;0;1.508
2025.05.03. 13:15;0;1.476
2025.05.03. 13:30;0.002;1.304
2025.05.03. 13:45;0.023;1.194
2025.05.03. 14:00;0;1.38
2025.05.03. 14:15;0;1.439
2025.05.03. 14:30;0;1.335
2025.05.03. 14:45;0;1.019
2025.05.03. 15:00;0;1.173
2025.05.03. 15:15;0;1.141
2025.05.03. 15:30;0;0.836
2025.05.03. 15:45;0;0.69
2025.05.03. 16:00;0;0.969
2025.05.03. 16:15;0;0.723
2025.05.03. 16:30;0;0.448
2025.05.03. 16:45;0.005;0.304
2025.05.03. 17:00;0.001;0.483
2025.05.03. 17:15;0.025;0.258
2025.05.03. 17:30;0.051;0.23
2025.05.03. 17:45;0.045;0.246
2025.05.03. 18:00;0.027;0.202
2025.05.03. 18:15;0.072;0.144
2025.05.03. 18:30;0.16;0.087
2025.05.03. 18:45;0.131;0.078
2025.05.03. 19:00;0.497;0.044
2025.05.03. 19:15;0.369;0.023
2025.05.03. 19:30;0.426;0.011
2025.05.03. 19:45;0.637;0.001
2025.05.03. 20:00;0.666;0
2025.05.03. 20:15;0.415;0
2025.05.03. 20:30;0.414;0
2025.05.03. 20:45;0.317;0
2025.05.03. 21:00;0.17;0
2025.05.03. 21:15;0.589;0
2025.05.03. 21:30;0.244;0
2025.05.03. 21:45;0.118;0
2025.05.03. 22:00;0.12;0
2025.05.03. 22:15;0.142;0
2025.05.03. 22:30;0.141;0
2025.05.03. 22:45;0.121;0
2025.05.03. 23:00;0.172;0
2025.05.03. 23:15;0.184;0
2025.05.03. 23:30;0.189;0
2025.05.03. 23:45;0.16;0
2025.05.04. 00:00;0.15;0
2025.05.04. 00:15;0.156;0
2025.05.04. 00:30;0.163;0
2025.05.04. 00:45;0.131;0
2025.05.04. 01:00;0.109;0
2025.05.04. 01:15;0.102;0
2025.05.04. 01:30;0.117;0
2025.05.04. 01:45;0.129;0
2025.05.04. 02:00;0.122;0
2025.05.04. 02:15;0.108;0
2025.05.04. 02:30;0.113;0
2025.05.04. 02:45;0.114;0
2025.05.04. 03:00;0.108;0
2025.05.04. 03:15;0.094;0
2025.05.04. 03:30;0.069;0
2025.05.04. 03:45;0.068;0
2025.05.04. 04:00;0.046;0
2025.05.04. 04:15;0.047;0
2025.05.04. 04:30;0.07;0
2025.05.04. 04:45;0.077;0
2025.05.04. 05:00;0.07;0
2025.05.04. 05:15;0.057;0
2025.05.04. 05:30;0.058;0
2025.05.04. 05:45;0.098;0.001
2025.05.04. 06:00;0.114;0.005
2025.05.04. 06:15;0.047;0.021
2025.05.04. 06:30;0.034;0.043
2025.05.04. 06:45;0.04;0.068
2025.05.04. 07:00;0.031;0.103
2025.05.04. 07:15;0.006;0.109
2025.05.04. 07:30;0;0.128
2025.05.04. 07:45;0;0.195
2025.05.04. 08:00;0;0.532
2025.05.04. 08:15;0.059;0.701
2025.05.04. 08:30;0.18;0.538
2025.05.04. 08:45;0.06;0.634
2025.05.04. 09:00;0.009;1.053
2025.05.04. 09:15;0.24;0.798
2025.05.04. 09:30;0.154;0.711
2025.05.04. 09:45;0.378;0.563
2025.05.04. 10:00;0.069;1.028
2025.05.04. 10:15;0.002;1.398
2025.05.04. 10:30;0.1;0.723
2025.05.04. 10:45;0.646;0.34
2025.05.04. 11:00;0.122;0.767
2025.05.04. 11:15;0.018;0.822
2025.05.04. 11:30;0.008;0.904
2025.05.04. 11:45;0.019;0.846
2025.05.04. 12:00;0.107;1.124
2025.05.04. 12:15;0.037;1.304
2025.05.04. 12:30;0.127;1.093
2025.05.04. 12:45;0.059;1.085
2025.05.04. 13:00;0;1.283
2025.05.04. 13:15;0;0.57
2025.05.04. 13:30;0;1.229
2025.05.04. 13:45;0;1.136
2025.05.04. 14:00;0.013;0.54
2025.05.04. 14:15;0.004;0.975
2025.05.04. 14:30;0.12;1.093
2025.05.04. 14:45;0.035;1.232
2025.05.04. 15:00;0;1.032
2025.05.04. 15:15;0;1.251
2025.05.04. 15:30;0.296;0.386
2025.05.04. 15:45;0.179;0.529
2025.05.04. 16:00;0;0.541
2025.05.04. 16:15;0;0.308
2025.05.04. 16:30;0.008;0.273
2025.05.04. 16:45;0.045;0.15
2025.05.04. 17:00;0.041;0.168
2025.05.04. 17:15;0.068;0.113
2025.05.04. 17:30;0.08;0.094
2025.05.04. 17:45;0.034;0.474
2025.05.04. 18:00;0;0.597
2025.05.04. 18:15;0.039;0.16
2025.05.04. 18:30;0.077;0.061
2025.05.04. 18:45;0.102;0.042
2025.05.04. 19:00;0.124;0.014
2025.05.04. 19:15;0.14;0.005
2025.05.04. 19:30;0.14;0.001
2025.05.04. 19:45;0.161;0
2025.05.04. 20:00;0.162;0
2025.05.04. 20:15;0.144;0
2025.05.04. 20:30;0.136;0
2025.05.04. 20:45;0.113;0
2025.05.04. 21:00;0.087;0
2025.05.04. 21:15;0.09;0
2025.05.04. 21:30;0.072;0
2025.05.04. 21:45;0.069;0
2025.05.04. 22:00;0.084;0
2025.05.04. 22:15;0.113;0
2025.05.04. 22:30;0.124;0
2025.05.04. 22:45;0.105;0
2025.05.04. 23:00;0.14;0
2025.05.04. 23:15;0.173;0
2025.05.04. 23:30;0.186;0
2025.05.04. 23:45;0.191;0
2025.05.05. 00:00;0.175;0
2025.05.05. 00:15;0.156;0
2025.05.05. 00:30;0.128;0
2025.05.05. 00:45;0.124;0
2025.05.05. 01:00;0.103;0
2025.05.05. 01:15;0.1;0
2025.05.05. 01:30;0.099;0
2025.05.05. 01:45;0.11;0
2025.05.05. 02:00;0.105;0
2025.05.05. 02:15;0.106;0
2025.05.05. 02:30;0.085;0
2025.05.05. 02:45;0.077;0
2025.05.05. 03:00;0.071;0
2025.05.05. 03:15;0.083;0
2025.05.05. 03:30;0.112;0
2025.05.05. 03:45;0.069;0
2025.05.05. 04:00;0.042;0
2025.05.05. 04:15;0.057;0
2025.05.05. 04:30;0.057;0
2025.05.05. 04:45;0.078;0
2025.05.05. 05:00;0.073;0
2025.05.05. 05:15;0.059;0
2025.05.05. 05:30;0.082;0
2025.05.05. 05:45;0.183;0
2025.05.05. 06:00;0.065;0
2025.05.05. 06:15;0.083;0.003
2025.05.05. 06:30;0.057;0.027
2025.05.05. 06:45;0.009;0.095
2025.05.05. 07:00;0.008;0.093
2025.05.05. 07:15;0.028;0.073
2025.05.05. 07:30;0.029;0.07
2025.05.05. 07:45;0.026;0.138
2025.05.05. 08:00;0;0.216
2025.05.05. 08:15;0;0.183
2025.05.05. 08:30;0.001;0.191
2025.05.05. 08:45;0;0.375
2025.05.05. 09:00;0;0.378
2025.05.05. 09:15;0;0.34
2025.05.05. 09:30;0;0.303
2025.05.05. 09:45;0;0.346
2025.05.05. 10:00;0;0.324
2025.05.05. 10:15;0;0.617
2025.05.05. 10:30;0;0.555
2025.05.05. 10:45;0;0.787
2025.05.05. 11:00;0;0.907
2025.05.05. 11:15;0;0.909
2025.05.05. 11:30;0;0.745
2025.05.05. 11:45;0;0.508
2025.05.05. 12:00;0;0.507
2025.05.05. 12:15;0;0.261
2025.05.05. 12:30;0;0.196
2025.05.05. 12:45;0;0.384
2025.05.05. 13:00;0;0.479
2025.05.05. 13:15;0.004;0.19
2025.05.05. 13:30;0;0.32
2025.05.05. 13:45;0.002;0.229
2025.05.05. 14:00;0;0.286
2025.05.05. 14:15;0;0.185
2025.05.05. 14:30;0.008;0.103
2025.05.05. 14:45;0.015;0.16
2025.05.05. 15:00;0;0.326
2025.05.05. 15:15;0;0.54
2025.05.05. 15:30;0.011;0.233
2025.05.05. 15:45;0.034;0.098
2025.05.05. 16:00;0.033;0.116
2025.05.05. 16:15;0.055;0.086
2025.05.05. 16:30;0.048;0.091
2025.05.05. 16:45;0.045;0.094
2025.05.05. 17:00;0.032;0.125
2025.05.05. 17:15;0.063;0.058
2025.05.05. 17:30;0.023;0.204
2025.05.05. 17:45;0;0.513
2025.05.05. 18:00;0;0.265
2025.05.05. 18:15;0.068;0.141
2025.05.05. 18:30;0.002;0.138
2025.05.05. 18:45;0.066;0.062
2025.05.05. 19:00;0.025;0.025
2025.05.05. 19:15;0.026;0.015
2025.05.05. 19:30;0.073;0.002
2025.05.05. 19:45;0.158;0
2025.05.05. 20:00;0.117;0
2025.05.05. 20:15;0.111;0
2025.05.05. 20:30;0.115;0
2025.05.05. 20:45;0.094;0
2025.05.05. 21:00;0.084;0
2025.05.05. 21:15;0.085;0
2025.05.05. 21:30;0.103;0
2025.05.05. 21:45;0.107;0
2025.05.05. 22:00;0.107;0
2025.05.05. 22:15;0.091;0
2025.05.05. 22:30;0.103;0
2025.05.05. 22:45;0.125;0
2025.05.05. 23:00;0.112;0
2025.05.05. 23:15;0.098;0
2025.05.05. 23:30;0.096;0
2025.05.05. 23:45;0.088;0
2025.05.06. 00:00;0.122;0
2025.05.06. 00:15;0.11;0
2025.05.06. 00:30;0.08;0
2025.05.06. 00:45;0.05;0
2025.05.06. 01:00;0.05;0
2025.05.06. 01:15;0.068;0
2025.05.06. 01:30;0.088;0
2025.05.06. 01:45;0.067;0
2025.05.06. 02:00;0.057;0
2025.05.06. 02:15;0.082;0
2025.05.06. 02:30;0.061;0
2025.05.06. 02:45;0.059;0
2025.05.06. 03:00;0.061;0
2025.05.06. 03:15;0.071;0
2025.05.06. 03:30;0.076;0
2025.05.06. 03:45;0.074;0
2025.05.06. 04:00;0.082;0
2025.05.06. 04:15;0.111;0
2025.05.06. 04:30;0.112;0
2025.05.06. 04:45;0.108;0
2025.05.06. 05:00;0.086;0
2025.05.06. 05:15;0.085;0
2025.05.06. 05:30;0.087;0
2025.05.06. 05:45;0.202;0
2025.05.06. 06:00;0.137;0
2025.05.06. 06:15;0.071;0
2025.05.06. 06:30;0.06;0.005
2025.05.06. 06:45;0.045;0.024
2025.05.06. 07:00;0.055;0.044
2025.05.06. 07:15;0.004;0.094
2025.05.06. 07:30;0;0.109
2025.05.06. 07:45;0;0.135
2025.05.06. 08:00;0;0.226
2025.05.06. 08:15;0;0.146
2025.05.06. 08:30;0;0.166
2025.05.06. 08:45;0;0.237
2025.05.06. 09:00;0;0.32
2025.05.06. 09:15;0;0.231
2025.05.06. 09:30;0;0.207
2025.05.06. 09:45;0.013;0.128
2025.05.06. 10:00;0.003;0.184
2025.05.06. 10:15;0.003;0.136
2025.05.06. 10:30;0.006;0.123
2025.05.06. 10:45;0;0.169
2025.05.06. 11:00;0;0.402
2025.05.06. 11:15;0;0.314
2025.05.06. 11:30;0;0.284
2025.05.06. 11:45;0;0.33
2025.05.06. 12:00;0;0.426
2025.05.06. 12:15;0.054;0.311
2025.05.06. 12:30;0.006;0.313
2025.05.06. 12:45;0;0.271
2025.05.06. 13:00;0;0.312
2025.05.06. 13:15;0;0.369
2025.05.06. 13:30;0;0.283
2025.05.06. 13:45;0;0.311
2025.05.06. 14:00;0;0.287
2025.05.06. 14:15;0;0.497
2025.05.06. 14:30;0;0.539
2025.05.06. 14:45;0;0.407
2025.05.06. 15:00;0;0.357
2025.05.06. 15:15;0;0.271
2025.05.06. 15:30;0.001;0.215
2025.05.06. 15:45;0.012;0.208
2025.05.06. 16:00;0.011;0.157
2025.05.06. 16:15;0.009;0.125
2025.05.06. 16:30;0.133;0.076
2025.05.06. 16:45;0.015;0.099
2025.05.06. 17:00;0.003;0.167
2025.05.06. 17:15;0;0.148
2025.05.06. 17:30;0;0.294
2025.05.06. 17:45;0.014;0.079
2025.05.06. 18:00;0.007;0.124
2025.05.06. 18:15;0.041;0.119
2025.05.06. 18:30;0.103;0.037
2025.05.06. 18:45;0.111;0.002
2025.05.06. 19:00;0.107;0.001
2025.05.06. 19:15;0.088;0.001
2025.05.06. 19:30;0.099;0
2025.05.06. 19:45;0.116;0
2025.05.06. 20:00;0.117;0
2025.05.06. 20:15;0.111;0
2025.05.06. 20:30;0.527;0
2025.05.06. 20:45;0.315;0
2025.05.06. 21:00;0.565;0
2025.05.06. 21:15;0.193;0
2025.05.06. 21:30;0.107;0
2025.05.06. 21:45;0.109;0
2025.05.06. 22:00;0.11;0
2025.05.06. 22:15;0.208;0
2025.05.06. 22:30;0.092;0
2025.05.06. 22:45;0.107;0
2025.05.06. 23:00;0.117;0
2025.05.06. 23:15;0.099;0
2025.05.06. 23:30;0.077;0
2025.05.06. 23:45;0.078;0
2025.05.07. 00:00;0.094;0
2025.05.07. 00:15;0.109;0
2025.05.07. 00:30;0.096;0
2025.05.07. 00:45;0.077;0
2025.05.07. 01:00;0.047;0
2025.05.07. 01:15;0.157;0
2025.05.07. 01:30;0.064;0
2025.05.07. 01:45;0.083;0
2025.05.07. 02:00;0.055;0
2025.05.07. 02:15;0.042;0
2025.05.07. 02:30;0.045;0
2025.05.07. 02:45;0.056;0
2025.05.07. 03:00;0.058;0
2025.05.07. 03:15;0.106;0
2025.05.07. 03:30;0.109;0
2025.05.07. 03:45;0.078;0
2025.05.07. 04:00;0.142;0
2025.05.07. 04:15;0.149;0
2025.05.07. 04:30;0.079;0
2025.05.07. 04:45;0.085;0
2025.05.07. 05:00;0.092;0
2025.05.07. 05:15;0.081;0
2025.05.07. 05:30;0.086;0
2025.05.07. 05:45;0.198;0
2025.05.07. 06:00;0.095;0
2025.05.07. 06:15;0.126;0
2025.05.07. 06:30;0.03;0.017
2025.05.07. 06:45;0.004;0.066
2025.05.07. 07:00;0.005;0.098
2025.05.07. 07:15;0.08;0.16
2025.05.07. 07:30;0;0.268
2025.05.07. 07:45;0;0.336
2025.05.07. 08:00;0;0.308
2025.05.07. 08:15;0;0.377
2025.05.07. 08:30;0;0.503
2025.05.07. 08:45;0;0.904
2025.05.07. 09:00;0;0.97
2025.05.07. 09:15;0;0.634
2025.05.07. 09:30;0;0.884
2025.05.07. 09:45;0;0.939
2025.05.07. 10:00;0;0.988
2025.05.07. 10:15;0;0.923
2025.05.07. 10:30;0;0.55
2025.05.07. 10:45;0;0.997
2025.05.07. 11:00;0;0.599
2025.05.07. 11:15;0;0.616
2025.05.07. 11:30;0;0.506
2025.05.07. 11:45;0;0.771
2025.05.07. 12:00;0;1.009
2025.05.07. 12:15;0;1.399
2025.05.07. 12:30;0;1.588
2025.05.07. 12:45;0;1.033
2025.05.07. 13:00;0;0.501
2025.05.07. 13:15;0;1.424
2025.05.07. 13:30;0;0.585
2025.05.07. 13:45;0;0.439
2025.05.07. 14:00;0.022;0.54
2025.05.07. 14:15;0;0.523
2025.05.07. 14:30;0;0.565
2025.05.07. 14:45;0;0.808
2025.05.07. 15:00;0;0.59
2025.05.07. 15:15;0.006;0.243
2025.05.07. 15:30;0.053;0.08
2025.05.07. 15:45;0.06;0.09
2025.05.07. 16:00;0.023;0.136
2025.05.07. 16:15;0;0.296
2025.05.07. 16:30;0.031;0.346
2025.05.07. 16:45;0.091;0.104
2025.05.07. 17:00;0.072;0.022
2025.05.07. 17:15;0.067;0.027
2025.05.07. 17:30;0.02;0.074
2025.05.07. 17:45;0;0.148
2025.05.07. 18:00;0;0.205
2025.05.07. 18:15;0;0.199
2025.05.07. 18:30;0;0.262
2025.05.07. 18:45;0;0.09
2025.05.07. 19:00;0.125;0.042
2025.05.07. 19:15;0.067;0.018
2025.05.07. 19:30;0.088;0.001
2025.05.07. 19:45;0.091;0
2025.05.07. 20:00;0.099;0
2025.05.07. 20:15;0.103;0
2025.05.07. 20:30;0.288;0
2025.05.07. 20:45;0.301;0
2025.05.07. 21:00;0.294;0
2025.05.07. 21:15;0.309;0
2025.05.07. 21:30;0.369;0
2025.05.07. 21:45;0.332;0
2025.05.07. 22:00;0.305;0
2025.05.07. 22:15;0.293;0
2025.05.07. 22:30;0.283;0
2025.05.07. 22:45;0.286;0
2025.05.07. 23:00;0.316;0
2025.05.07. 23:15;0.271;0
2025.05.07. 23:30;0.298;0
2025.05.07. 23:45;0.279;0
2025.05.08. 00:00;0.057;0
2025.05.08. 00:15;0.107;0
2025.05.08. 00:30;0.12;0
2025.05.08. 00:45;0.103;0
2025.05.08. 01:00;0.1;0
2025.05.08. 01:15;0.128;0
2025.05.08. 01:30;0.206;0
2025.05.08. 01:45;0.101;0
2025.05.08. 02:00;0.084;0
2025.05.08. 02:15;0.075;0
2025.05.08. 02:30;0.075;0
2025.05.08. 02:45;0.074;0
2025.05.08. 03:00;0.099;0
2025.05.08. 03:15;0.185;0
2025.05.08. 03:30;0.078;0
2025.05.08. 03:45;0.086;0
2025.05.08. 04:00;0.062;0
2025.05.08. 04:15;0.043;0
2025.05.08. 04:30;0.055;0
2025.05.08. 04:45;0.064;0
2025.05.08. 05:00;0.046;0
2025.05.08. 05:15;0.165;0
2025.05.08. 05:30;0.069;0
2025.05.08. 05:45;0.177;0
2025.05.08. 06:00;0.115;0
2025.05.08. 06:15;0.193;0
2025.05.08. 06:30;0.136;0
2025.05.08. 06:45;0.055;0.012
2025.05.08. 07:00;0.039;0.026
2025.05.08. 07:15;0.115;0.038
2025.05.08. 07:30;0.092;0.032
2025.05.08. 07:45;0.051;0.034
2025.05.08. 08:00;0.028;0.042
2025.05.08. 08:15;0.007;0.071
2025.05.08. 08:30;0;0.098
2025.05.08. 08:45;0.019;0.1
2025.05.08. 09:00;0.001;0.1
2025.05.08. 09:15;0;0.144
2025.05.08. 09:30;0;0.213
2025.05.08. 09:45;0;0.267
2025.05.08. 10:00;0;0.359
2025.05.08. 10:15;0;0.428
2025.05.08. 10:30;0;0.349
2025.05.08. 10:45;0;0.476
2025.05.08. 11:00;0;0.637
2025.05.08. 11:15;0;0.551
2025.05.08. 11:30;0;0.489
2025.05.08. 11:45;0;0.564
2025.05.08. 12:00;0;0.883
2025.05.08. 12:15;0;1.158
2025.05.08. 12:30;0;0.954
2025.05.08. 12:45;0;0.585
2025.05.08. 13:00;0;0.406
2025.05.08. 13:15;0;0.355
2025.05.08. 13:30;0;0.298
2025.05.08. 13:45;0;0.263
2025.05.08. 14:00;0.003;0.229
2025.05.08. 14:15;0;0.25
2025.05.08. 14:30;0;0.254
2025.05.08. 14:45;0;0.252
2025.05.08. 15:00;0;0.306
2025.05.08. 15:15;0;0.345
2025.05.08. 15:30;0;0.341
2025.05.08. 15:45;0;0.271
2025.05.08. 16:00;0;0.233
2025.05.08. 16:15;0.013;0.116
2025.05.08. 16:30;0;0.204
2025.05.08. 16:45;0;0.247
2025.05.08. 17:00;0;0.316
2025.05.08. 17:15;0;0.286
2025.05.08. 17:30;0.014;0.148
2025.05.08. 17:45;0.082;0.051
2025.05.08. 18:00;0.089;0.022
2025.05.08. 18:15;0.023;0.073
2025.05.08. 18:30;0.025;0.165
2025.05.08. 18:45;0.004;0.108
2025.05.08. 19:00;0.037;0.047
2025.05.08. 19:15;0.081;0.024
2025.05.08. 19:30;0.086;0.013
2025.05.08. 19:45;0.116;0.004
2025.05.08. 20:00;0.146;0
2025.05.08. 20:15;0.172;0
2025.05.08. 20:30;0.181;0
2025.05.08. 20:45;0.181;0
2025.05.08. 21:00;0.157;0
2025.05.08. 21:15;0.186;0
2025.05.08. 21:30;0.154;0
2025.05.08. 21:45;0.158;0
2025.05.08. 22:00;0.18;0
2025.05.08. 22:15;0.164;0
2025.05.08. 22:30;0.158;0
2025.05.08. 22:45;0.148;0
2025.05.08. 23:00;0.137;0
2025.05.08. 23:15;0.13;0
2025.05.08. 23:30;0.156;0
2025.05.08. 23:45;0.142;0
2025.05.09. 00:00;0.143;0
2025.05.09. 00:15;0.124;0
2025.05.09. 00:30;0.104;0
2025.05.09. 00:45;0.12;0
2025.05.09. 01:00;0.114;0
2025.05.09. 01:15;0.12;0
2025.05.09. 01:30;0.102;0
2025.05.09. 01:45;0.104;0
2025.05.09. 02:00;0.115;0
2025.05.09. 02:15;0.111;0
2025.05.09. 02:30;0.096;0
2025.05.09. 02:45;0.085;0
2025.05.09. 03:00;0.085;0
2025.05.09. 03:15;0.101;0
2025.05.09. 03:30;0.094;0
2025.05.09. 03:45;0.078;0
2025.05.09. 04:00;0.061;0
2025.05.09. 04:15;0.039;0
2025.05.09. 04:30;0.038;0
2025.05.09. 04:45;0.068;0
2025.05.09. 05:00;0.074;0
2025.05.09. 05:15;0.067;0
2025.05.09. 05:30;0.045;0
2025.05.09. 05:45;0.135;0
2025.05.09. 06:00;0.095;0.004
2025.05.09. 06:15;0.06;0.003
2025.05.09. 06:30;0.079;0.017
2025.05.09. 06:45;0.065;0.029
2025.05.09. 07:00;0.014;0.068
2025.05.09. 07:15;0;0.157
2025.05.09. 07:30;0;0.234
2025.05.09. 07:45;0;0.225
2025.05.09. 08:00;0;0.204
2025.05.09. 08:15;0;0.272
2025.05.09. 08:30;0;0.546
2025.05.09. 08:45;0;0.603
2025.05.09. 09:00;0;0.926
2025.05.09. 09:15;0;1.143
2025.05.09. 09:30;0;1.096
2025.05.09. 09:45;0;1.46
2025.05.09. 10:00;0;1.41
2025.05.09. 10:15;0;1.351
2025.05.09. 10:30;0;1.427
2025.05.09. 10:45;0;1.487
2025.05.09. 11:00;0;1.555
2025.05.09. 11:15;0;1.637
2025.05.09. 11:30;0;1.512
2025.05.09. 11:45;0;1.641
2025.05.09. 12:00;0;1.496
2025.05.09. 12:15;0;1.512
2025.05.09. 12:30;0;1.415
2025.05.09. 12:45;0;1.594
2025.05.09. 13:00;0;1.319
2025.05.09. 13:15;0;0.976
2025.05.09. 13:30;0;1.607
2025.05.09. 13:45;0;0.614
2025.05.09. 14:00;0;0.792
2025.05.09. 14:15;0;0.846
2025.05.09. 14:30;0;0.987
2025.05.09. 14:45;0;1.524
2025.05.09. 15:00;0;1.238
2025.05.09. 15:15;0.002;0.759
2025.05.09. 15:30;0;0.981
2025.05.09. 15:45;0;0.647
2025.05.09. 16:00;0;0.719
2025.05.09. 16:15;0;0.813
2025.05.09. 16:30;0;0.562
2025.05.09. 16:45;0;0.324
2025.05.09. 17:00;0;0.377
2025.05.09. 17:15;0;0.484
2025.05.09. 17:30;0;0.53
2025.05.09. 17:45;0;0.397
2025.05.09. 18:00;0;0.815
2025.05.09. 18:15;0;0.375
2025.05.09. 18:30;0;0.363
2025.05.09. 18:45;0;0.218
2025.05.09. 19:00;0;0.143
2025.05.09. 19:15;0.025;0.114
2025.05.09. 19:30;0.068;0.035
2025.05.09. 19:45;0.093;0.013
2025.05.09. 20:00;0.119;0.001
2025.05.09. 20:15;0.281;0
2025.05.09. 20:30;0.17;0
2025.05.09. 20:45;0.127;0
2025.05.09. 21:00;0.14;0
2025.05.09. 21:15;0.137;0
2025.05.09. 21:30;0.13;0
2025.05.09. 21:45;0.153;0
2025.05.09. 22:00;0.173;0
2025.05.09. 22:15;0.12;0
2025.05.09. 22:30;0.121;0
2025.05.09. 22:45;0.111;0
2025.05.09. 23:00;0.112;0
2025.05.09. 23:15;0.107;0
2025.05.09. 23:30;0.1;0
2025.05.09. 23:45;0.091;0
2025.05.10. 00:00;0.07;0
2025.05.10. 00:15;0.098;0
2025.05.10. 00:30;0.111;0
2025.05.10. 00:45;0.102;0
2025.05.10. 01:00;0.102;0
2025.05.10. 01:15;0.1;0
2025.05.10. 01:30;0.101;0
2025.05.10. 01:45;0.103;0
2025.05.10. 02:00;0.102;0
2025.05.10. 02:15;0.063;0
2025.05.10. 02:30;0.053;0
2025.05.10. 02:45;0.068;0
2025.05.10. 03:00;0.05;0
2025.05.10. 03:15;0.061;0
2025.05.10. 03:30;0.069;0
2025.05.10. 03:45;0.059;0
2025.05.10. 04:00;0.059;0
2025.05.10. 04:15;0.057;0
2025.05.10. 04:30;0.087;0
2025.05.10. 04:45;0.096;0
2025.05.10. 05:00;0.083;0
2025.05.10. 05:15;0.073;0
2025.05.10. 05:30;0.069;0
2025.05.10. 05:45;0.056;0.004
2025.05.10. 06:00;0.049;0.013
2025.05.10. 06:15;0.073;0.026
2025.05.10. 06:30;0.021;0.038
2025.05.10. 06:45;0.007;0.051
2025.05.10. 07:00;0.003;0.053
2025.05.10. 07:15;0;0.072
2025.05.10. 07:30;0;0.102
2025.05.10. 07:45;0;0.319
2025.05.10. 08:00;0;0.559
2025.05.10. 08:15;0.145;0.651
2025.05.10. 08:30;0;0.937
2025.05.10. 08:45;0;0.977
2025.05.10. 09:00;0;1.044
2025.05.10. 09:15;0;1.193
2025.05.10. 09:30;0;1.24
2025.05.10. 09:45;0;1.257
2025.05.10. 10:00;0;1.293
2025.05.10. 10:15;0.003;1.338
2025.05.10. 10:30;0.011;1.317
2025.05.10. 10:45;0.013;1.392
2025.05.10. 11:00;0;1.454
2025.05.10. 11:15;0;1.408
2025.05.10. 11:30;0.009;1.283
2025.05.10. 11:45;0;1.421
2025.05.10. 12:00;0.309;1.036
2025.05.10. 12:15;0.125;1.395
2025.05.10. 12:30;0.029;1.105
2025.05.10. 12:45;0.025;1.417
2025.05.10. 13:00;0.002;1.643
2025.05.10. 13:15;0;1.526
2025.05.10. 13:30;0;1.61
2025.05.10. 13:45;0;1.812
2025.05.10. 14:00;0.035;1.044
2025.05.10. 14:15;0.114;1.365
2025.05.10. 14:30;0.037;1.435
2025.05.10. 14:45;0.096;1.178
2025.05.10. 15:00;0.03;1.314
2025.05.10. 15:15;0.28;0.827
2025.05.10. 15:30;0;1.031
2025.05.10. 15:45;0;1.243
2025.05.10. 16:00;0;1.013
2025.05.10. 16:15;0;0.931
2025.05.10. 16:30;0;1.229
2025.05.10. 16:45;0;1.183
2025.05.10. 17:00;0;1.04
2025.05.10. 17:15;0;0.978
2025.05.10. 17:30;0;0.875
2025.05.10. 17:45;0.065;0.305
2025.05.10. 18:00;0.048;0.296
2025.05.10. 18:15;0;0.723
2025.05.10. 18:30;0.011;0.395
2025.05.10. 18:45;0.031;0.101
2025.05.10. 19:00;0;0.45
2025.05.10. 19:15;0;0.34
2025.05.10. 19:30;0.012;0.099
2025.05.10. 19:45;0.026;0.022
2025.05.10. 20:00;0.133;0.002
2025.05.10. 20:15;0.337;0
2025.05.10. 20:30;0.236;0
2025.05.10. 20:45;0.109;0
2025.05.10. 21:00;0.102;0
2025.05.10. 21:15;0.13;0
2025.05.10. 21:30;0.171;0
2025.05.10. 21:45;0.21;0
2025.05.10. 22:00;0.207;0
2025.05.10. 22:15;0.154;0
2025.05.10. 22:30;0.195;0
2025.05.10. 22:45;0.217;0
2025.05.10. 23:00;0.176;0
2025.05.10. 23:15;0.232;0
2025.05.10. 23:30;0.202;0
2025.05.10. 23:45;0.196;0
2025.05.11. 00:00;0.169;0
2025.05.11. 00:15;0.19;0
2025.05.11. 00:30;0.211;0
2025.05.11. 00:45;0.171;0
2025.05.11. 01:00;0.137;0
2025.05.11. 01:15;0.142;0
2025.05.11. 01:30;0.139;0
2025.05.11. 01:45;0.134;0
2025.05.11. 02:00;0.109;0
2025.05.11. 02:15;0.1;0
2025.05.11. 02:30;0.085;0
2025.05.11. 02:45;0.093;0
2025.05.11. 03:00;0.078;0
2025.05.11. 03:15;0.081;0
2025.05.11. 03:30;0.081;0
2025.05.11. 03:45;0.057;0
2025.05.11. 04:00;0.072;0
2025.05.11. 04:15;0.061;0
2025.05.11. 04:30;0.069;0
2025.05.11. 04:45;0.053;0
2025.05.11. 05:00;0.045;0
2025.05.11. 05:15;0.049;0
2025.05.11. 05:30;0.065;0
2025.05.11. 05:45;0.075;0.003
2025.05.11. 06:00;0.069;0.01
2025.05.11. 06:15;0.058;0.02
2025.05.11. 06:30;0.051;0.032
2025.05.11. 06:45;0.041;0.039
2025.05.11. 07:00;0.052;0.052
2025.05.11. 07:15;0.038;0.062
2025.05.11. 07:30;0.021;0.071
2025.05.11. 07:45;0.008;0.229
2025.05.11. 08:00;0;0.528
2025.05.11. 08:15;0;0.782
2025.05.11. 08:30;0;0.972
2025.05.11. 08:45;0;0.83
2025.05.11. 09:00;0;0.949
2025.05.11. 09:15;0.015;1.119
2025.05.11. 09:30;0;1.288
2025.05.11. 09:45;0;1.336
2025.05.11. 10:00;0;1.267
2025.05.11. 10:15;0;1.346
2025.05.11. 10:30;0;1.491
2025.05.11. 10:45;0;1.618
2025.05.11. 11:00;0;1.245
2025.05.11. 11:15;0;1.22
2025.05.11. 11:30;0;1.2
2025.05.11. 11:45;0.168;0.967
2025.05.11. 12:00;0.143;0.821
2025.05.11. 12:15;0.211;0.711
2025.05.11. 12:30;0.092;0.884
2025.05.11. 12:45;0;1.267
2025.05.11. 13:00;0;1.26
2025.05.11. 13:15;0;1.46
2025.05.11. 13:30;0.294;1.207
2025.05.11. 13:45;0.937;0.606
2025.05.11. 14:00;0.505;0.655
2025.05.11. 14:15;0.528;0.882
2025.05.11. 14:30;0.085;1.514
2025.05.11. 14:45;0.002;1.493
2025.05.11. 15:00;0;0.717
2025.05.11. 15:15;0;1.08
2025.05.11. 15:30;0;1.237
2025.05.11. 15:45;0;1.221
2025.05.11. 16:00;0;1.206
2025.05.11. 16:15;0;1.055
2025.05.11. 16:30;0;1.073
2025.05.11. 16:45;0;0.627
2025.05.11. 17:00;0;0.937
2025.05.11. 17:15;0;0.986
2025.05.11. 17:30;0;0.948
2025.05.11. 17:45;0;0.947
2025.05.11. 18:00;0;0.894
2025.05.11. 18:15;0;0.823
2025.05.11. 18:30;0.008;0.455
2025.05.11. 18:45;0.047;0.181
2025.05.11. 19:00;0.029;0.292
2025.05.11. 19:15;0.029;0.232
2025.05.11. 19:30;0.079;0.089
2025.05.11. 19:45;0.112;0.02
2025.05.11. 20:00;0.144;0.003
2025.05.11. 20:15;0.18;0
2025.05.11. 20:30;0.132;0
2025.05.11. 20:45;0.112;0
2025.05.11. 21:00;0.108;0
2025.05.11. 21:15;0.108;0
2025.05.11. 21:30;0.117;0
2025.05.11. 21:45;0.122;0
2025.05.11. 22:00;0.101;0
2025.05.11. 22:15;0.111;0
2025.05.11. 22:30;0.118;0
2025.05.11. 22:45;0.105;0
2025.05.11. 23:00;0.098;0
2025.05.11. 23:15;0.11;0
2025.05.11. 23:30;0.09;0
2025.05.11. 23:45;0.085;0
2025.05.12. 00:00;0.085;0
2025.05.12. 00:15;0.089;0
2025.05.12. 00:30;0.104;0
2025.05.12. 00:45;0.101;0
2025.05.12. 01:00;0.074;0
2025.05.12. 01:15;0.069;0
2025.05.12. 01:30;0.071;0
2025.05.12. 01:45;0.047;0
2025.05.12. 02:00;0.042;0
2025.05.12. 02:15;0.062;0
2025.05.12. 02:30;0.052;0
2025.05.12. 02:45;0.043;0
2025.05.12. 03:00;0.088;0
2025.05.12. 03:15;0.093;0
2025.05.12. 03:30;0.09;0
2025.05.12. 03:45;0.11;0
2025.05.12. 04:00;0.09;0
2025.05.12. 04:15;0.072;0
2025.05.12. 04:30;0.072;0
2025.05.12. 04:45;0.082;0
2025.05.12. 05:00;0.079;0
2025.05.12. 05:15;0.066;0
2025.05.12. 05:30;0.052;0
2025.05.12. 05:45;0.165;0
2025.05.12. 06:00;0.081;0.001
2025.05.12. 06:15;0.062;0
2025.05.12. 06:30;0.193;0.002
2025.05.12. 06:45;0.074;0.017
2025.05.12. 07:00;0.009;0.062
2025.05.12. 07:15;0.036;0.036
2025.05.12. 07:30;0.012;0.084
2025.05.12. 07:45;0.001;0.127
2025.05.12. 08:00;0;0.193
2025.05.12. 08:15;0.013;0.115
2025.05.12. 08:30;0.029;0.096
2025.05.12. 08:45;0.012;0.131
2025.05.12. 09:00;0;0.275
2025.05.12. 09:15;0;0.23
2025.05.12. 09:30;0;0.359
2025.05.12. 09:45;0;0.31
2025.05.12. 10:00;0;0.291
2025.05.12. 10:15;0;0.353
2025.05.12. 10:30;0;0.153
2025.05.12. 10:45;0;0.208
2025.05.12. 11:00;0;0.188
2025.05.12. 11:15;0;0.393
2025.05.12. 11:30;0;0.702
2025.05.12. 11:45;0;0.859
2025.05.12. 12:00;0;0.865
2025.05.12. 12:15;0;0.986
2025.05.12. 12:30;0;0.705
2025.05.12. 12:45;0;0.832
2025.05.12. 13:00;0;1.848
2025.05.12. 13:15;0;1.583
2025.05.12. 13:30;0;1.445
2025.05.12. 13:45;0;1.544
2025.05.12. 14:00;0;1.782
2025.05.12. 14:15;0;1.562
2025.05.12. 14:30;0;1.177
2025.05.12. 14:45;0;1.223
2025.05.12. 15:00;0;1.199
2025.05.12. 15:15;0;1.484
2025.05.12. 15:30;0;0.563
2025.05.12. 15:45;0;1.122
2025.05.12. 16:00;0;1.269
2025.05.12. 16:15;0;0.665
2025.05.12. 16:30;0;0.654
2025.05.12. 16:45;0;0.492
2025.05.12. 17:00;0;0.547
2025.05.12. 17:15;0;1.142
2025.05.12. 17:30;0;0.742
2025.05.12. 17:45;0;0.567
2025.05.12. 18:00;0;0.216
2025.05.12. 18:15;0;0.226
2025.05.12. 18:30;0;0.572
2025.05.12. 18:45;0;0.615
2025.05.12. 19:00;0;0.609
2025.05.12. 19:15;0;0.412
2025.05.12. 19:30;0.008;0.122
2025.05.12. 19:45;0.104;0.015
2025.05.12. 20:00;0.304;0.002
2025.05.12. 20:15;0.309;0
2025.05.12. 20:30;0.347;0
2025.05.12. 20:45;0.322;0
2025.05.12. 21:00;0.314;0
2025.05.12. 21:15;0.327;0
2025.05.12. 21:30;0.308;0
2025.05.12. 21:45;0.281;0
2025.05.12. 22:00;0.277;0
2025.05.12. 22:15;0.273;0
2025.05.12. 22:30;0.282;0
2025.05.12. 22:45;0.288;0
2025.05.12. 23:00;0.264;0
2025.05.12. 23:15;0.282;0
2025.05.12. 23:30;0.193;0
2025.05.12. 23:45;0.054;0
2025.05.13. 00:00;0.101;0
2025.05.13. 00:15;0.102;0
2025.05.13. 00:30;0.086;0
2025.05.13. 00:45;0.092;0
2025.05.13. 01:00;0.091;0
2025.05.13. 01:15;0.092;0
2025.05.13. 01:30;0.1;0
2025.05.13. 01:45;0.084;0
2025.05.13. 02:00;0.045;0
2025.05.13. 02:15;0.037;0
2025.05.13. 02:30;0.039;0
2025.05.13. 02:45;0.042;0
2025.05.13. 03:00;0.058;0
2025.05.13. 03:15;0.056;0
2025.05.13. 03:30;0.054;0
2025.05.13. 03:45;0.06;0
2025.05.13. 04:00;0.067;0
2025.05.13. 04:15;0.08;0
2025.05.13. 04:30;0.092;0
2025.05.13. 04:45;0.073;0
2025.05.13. 05:00;0.068;0
2025.05.13. 05:15;0.067;0
2025.05.13. 05:30;0.064;0
2025.05.13. 05:45;0.177;0.004
2025.05.13. 06:00;0.099;0.006
2025.05.13. 06:15;0.027;0.013
2025.05.13. 06:30;0.025;0.027
2025.05.13. 06:45;0.007;0.05
2025.05.13. 07:00;0;0.062
2025.05.13. 07:15;0;0.06
2025.05.13. 07:30;0;0.125
2025.05.13. 07:45;0;0.319
2025.05.13. 08:00;0.072;0.26
2025.05.13. 08:15;0.063;0.246
2025.05.13. 08:30;0.032;0.305
2025.05.13. 08:45;0.002;0.533
2025.05.13. 09:00;0;0.485
2025.05.13. 09:15;0;0.809
2025.05.13. 09:30;0;0.85
2025.05.13. 09:45;0;0.992
2025.05.13. 10:00;0;1.132
2025.05.13. 10:15;0;1.142
2025.05.13. 10:30;0;1.32
2025.05.13. 10:45;0;1.335
2025.05.13. 11:00;0;1.438
2025.05.13. 11:15;0;1.488
2025.05.13. 11:30;0;1.506
2025.05.13. 11:45;0;1.642
2025.05.13. 12:00;0;1.819
2025.05.13. 12:15;0;1.432
2025.05.13. 12:30;0;1.651
2025.05.13. 12:45;0;1.847
2025.05.13. 13:00;0;1.867
2025.05.13. 13:15;0;1.471
2025.05.13. 13:30;0;0.917
2025.05.13. 13:45;0;0.833
2025.05.13. 14:00;0;1.124
2025.05.13. 14:15;0;0.924
2025.05.13. 14:30;0;1.255
2025.05.13. 14:45;0;1.383
2025.05.13. 15:00;0;0.974
2025.05.13. 15:15;0;0.97
2025.05.13. 15:30;0;1.284
2025.05.13. 15:45;0;1.226
2025.05.13. 16:00;0;1.171
2025.05.13. 16:15;0;1.042
2025.05.13. 16:30;0;0.91
2025.05.13. 16:45;0;0.362
2025.05.13. 17:00;0;1.117
2025.05.13. 17:15;0;0.483
2025.05.13. 17:30;0;0.829
2025.05.13. 17:45;0.005;0.523
2025.05.13. 18:00;0;1.005
2025.05.13. 18:15;0;0.577
2025.05.13. 18:30;0;0.192
2025.05.13. 18:45;0;0.263
2025.05.13. 19:00;0.001;0.132
2025.05.13. 19:15;0.016;0.053
2025.05.13. 19:30;0.044;0.013
2025.05.13. 19:45;0.153;0.007
2025.05.13. 20:00;0.072;0.001
2025.05.13. 20:15;0.071;0
2025.05.13. 20:30;0.138;0
2025.05.13. 20:45;0.16;0
2025.05.13. 21:00;0.301;0
2025.05.13. 21:15;0.291;0
2025.05.13. 21:30;0.29;0
2025.05.13. 21:45;0.304;0
2025.05.13. 22:00;0.318;0
2025.05.13. 22:15;0.323;0
2025.05.13. 22:30;0.283;0
2025.05.13. 22:45;0.289;0
2025.05.13. 23:00;0.288;0
2025.05.13. 23:15;0.261;0
2025.05.13. 23:30;0.282;0
2025.05.13. 23:45;0.273;0
2025.05.14. 00:00;0.263;0
2025.05.14. 00:15;0.26;0
2025.05.14. 00:30;0.1;0
2025.05.14. 00:45;0.102;0
2025.05.14. 01:00;0.116;0
2025.05.14. 01:15;0.098;0
2025.05.14. 01:30;0.089;0
2025.05.14. 01:45;0.074;0
2025.05.14. 02:00;0.073;0
2025.05.14. 02:15;0.079;0
2025.05.14. 02:30;0.064;0
2025.05.14. 02:45;0.071;0
2025.05.14. 03:00;0.048;0
2025.05.14. 03:15;0.038;0
2025.05.14. 03:30;0.051;0
2025.05.14. 03:45;0.07;0
2025.05.14. 04:00;0.081;0
2025.05.14. 04:15;0.059;0
2025.05.14. 04:30;0.066;0
2025.05.14. 04:45;0.073;0
2025.05.14. 05:00;0.072;0
2025.05.14. 05:15;0.079;0
2025.05.14. 05:30;0.083;0.001
2025.05.14. 05:45;0.048;0.009
2025.05.14. 06:00;0.039;0.022
2025.05.14. 06:15;0.043;0.035
2025.05.14. 06:30;0.007;0.053
2025.05.14. 06:45;0.089;0.07
2025.05.14. 07:00;0.005;0.096
2025.05.14. 07:15;0;0.156
2025.05.14. 07:30;0;0.195
2025.05.14. 07:45;0.018;0.345
2025.05.14. 08:00;0.001;0.585
2025.05.14. 08:15;0;0.717
2025.05.14. 08:30;0;0.82
2025.05.14. 08:45;0;0.96
2025.05.14. 09:00;0;1.038
2025.05.14. 09:15;0;1.188
2025.05.14. 09:30;0;1.236
2025.05.14. 09:45;0;1.261
2025.05.14. 10:00;0;1.221
2025.05.14. 10:15;0;1.223
2025.05.14. 10:30;0;1.467
2025.05.14. 10:45;0;1.481
2025.05.14. 11:00;0;1.588
2025.05.14. 11:15;0;1.576
2025.05.14. 11:30;0;1.455
2025.05.14. 11:45;0;0.934
2025.05.14. 12:00;0;1.263
2025.05.14. 12:15;0;1.478
2025.05.14. 12:30;0;1.584
2025.05.14. 12:45;0;1.274
2025.05.14. 13:00;0;1.044
2025.05.14. 13:15;0;1.832
2025.05.14. 13:30;0;1.783
2025.05.14. 13:45;0;1.671
2025.05.14. 14:00;0;1.618
2025.05.14. 14:15;0;1.463
2025.05.14. 14:30;0;1.072
2025.05.14. 14:45;0;1.535
2025.05.14. 15:00;0;1.424
2025.05.14. 15:15;0;1.289
2025.05.14. 15:30;0;1.23
2025.05.14. 15:45;0;1.267
2025.05.14. 16:00;0;0.632
2025.05.14. 16:15;0;0.777
2025.05.14. 16:30;0;1.213
2025.05.14. 16:45;0;0.953
2025.05.14. 17:00;0.002;0.575
2025.05.14. 17:15;0;1.023
2025.05.14. 17:30;0;0.984
2025.05.14. 17:45;0;0.919
2025.05.14. 18:00;0;0.853
2025.05.14. 18:15;0;0.809
2025.05.14. 18:30;0;0.772
2025.05.14. 18:45;0;0.648
2025.05.14. 19:00;0;0.347
2025.05.14. 19:15;0;0.191
2025.05.14. 19:30;0.002;0.148
2025.05.14. 19:45;0.015;0.03
2025.05.14. 20:00;0.136;0.008
2025.05.14. 20:15;0.068;0
2025.05.14. 20:30;0.057;0
2025.05.14. 20:45;0.08;0
2025.05.14. 21:00;0.121;0
2025.05.14. 21:15;0.111;0
2025.05.14. 21:30;0.116;0
2025.05.14. 21:45;0.129;0
2025.05.14. 22:00;0.11;0
2025.05.14. 22:15;0.24;0
2025.05.14. 22:30;0.333;0
2025.05.14. 22:45;0.328;0
2025.05.14. 23:00;0.314;0
2025.05.14. 23:15;0.292;0
2025.05.14. 23:30;0.273;0
2025.05.14. 23:45;0.261;0
2025.05.15. 00:00;0.257;0
2025.05.15. 00:15;0.255;0
2025.05.15. 00:30;0.265;0
2025.05.15. 00:45;0.299;0
2025.05.15. 01:00;0.323;0
2025.05.15. 01:15;0.301;0
2025.05.15. 01:30;0.299;0
2025.05.15. 01:45;0.202;0
2025.05.15. 02:00;0.08;0
2025.05.15. 02:15;0.094;0
2025.05.15. 02:30;0.079;0
2025.05.15. 02:45;0.098;0
2025.05.15. 03:00;0.068;0
2025.05.15. 03:15;0.042;0
2025.05.15. 03:30;0.051;0
2025.05.15. 03:45;0.08;0
2025.05.15. 04:00;0.069;0
2025.05.15. 04:15;0.057;0
2025.05.15. 04:30;0.051;0
2025.05.15. 04:45;0.056;0
2025.05.15. 05:00;0.066;0
2025.05.15. 05:15;0.101;0
2025.05.15. 05:30;0.084;0
2025.05.15. 05:45;0.06;0.003
2025.05.15. 06:00;0.047;0.013
2025.05.15. 06:15;0.047;0.03
2025.05.15. 06:30;0.048;0.046
2025.05.15. 06:45;0.049;0.08
2025.05.15. 07:00;0.02;0.113
2025.05.15. 07:15;0.01;0.15
2025.05.15. 07:30;0.047;0.237
2025.05.15. 07:45;0.013;0.494
2025.05.15. 08:00;0.015;0.565
2025.05.15. 08:15;0;0.795
2025.05.15. 08:30;0;0.962
2025.05.15. 08:45;0;1.059
2025.05.15. 09:00;0;1.079
2025.05.15. 09:15;0;1.298
2025.05.15. 09:30;0;1.159
2025.05.15. 09:45;0;1.036
2025.05.15. 10:00;0;1.263
2025.05.15. 10:15;0;1.301
2025.05.15. 10:30;0;1.327
2025.05.15. 10:45;0;1.381
2025.05.15. 11:00;0;1.379
2025.05.15. 11:15;0;1.424
2025.05.15. 11:30;0;1.326
2025.05.15. 11:45;0;1.418
2025.05.15. 12:00;0;1.371
2025.05.15. 12:15;0;1.382
2025.05.15. 12:30;0;1.427
2025.05.15. 12:45;0;1.179
2025.05.15. 13:00;0;1.233
2025.05.15. 13:15;0;1.134
2025.05.15. 13:30;0;0.922
2025.05.15. 13:45;0;0.653
2025.05.15. 14:00;0;0.635
2025.05.15. 14:15;0;0.505
2025.05.15. 14:30;0.033;0.077
2025.05.15. 14:45;0.03;0.071
2025.05.15. 15:00;0;0.541
2025.05.15. 15:15;0;0.378
2025.05.15. 15:30;0;0.934
2025.05.15. 15:45;0;0.832
2025.05.15. 16:00;0;1.276
2025.05.15. 16:15;0;0.719
2025.05.15. 16:30;0;0.5
2025.05.15. 16:45;0;0.263
2025.05.15. 17:00;0.008;0.087
2025.05.15. 17:15;0.063;0.042
2025.05.15. 17:30;0.128;0.027
2025.05.15. 17:45;0.062;0.028
2025.05.15. 18:00;0.076;0.01
2025.05.15. 18:15;0.129;0.002
2025.05.15. 18:30;0.154;0.001
2025.05.15. 18:45;0.141;0.001
2025.05.15. 19:00;0.135;0.001
2025.05.15. 19:15;0.251;0.001
2025.05.15. 19:30;0.281;0.001
2025.05.15. 19:45;0.265;0.001
2025.05.15. 20:00;0.306;0
2025.05.15. 20:15;0.281;0
2025.05.15. 20:30;0.265;0
2025.05.15. 20:45;0.259;0
2025.05.15. 21:00;0.256;0
2025.05.15. 21:15;0.273;0
2025.05.15. 21:30;0.283;0
2025.05.15. 21:45;0.281;0
2025.05.15. 22:00;0.254;0
2025.05.15. 22:15;0.241;0
2025.05.15. 22:30;0.282;0
2025.05.15. 22:45;0.316;0
2025.05.15. 23:00;0.308;0
2025.05.15. 23:15;0.292;0
2025.05.15. 23:30;0.249;0
2025.05.15. 23:45;0.235;0
2025.05.16. 00:00;0.24;0
2025.05.16. 00:15;0.244;0
2025.05.16. 00:30;0.224;0
2025.05.16. 00:45;0.204;0
2025.05.16. 01:00;0.182;0
2025.05.16. 01:15;0.198;0
2025.05.16. 01:30;0.22;0
2025.05.16. 01:45;0.208;0
2025.05.16. 02:00;0.194;0
2025.05.16. 02:15;0.183;0
2025.05.16. 02:30;0.183;0
2025.05.16. 02:45;0.206;0
2025.05.16. 03:00;0.183;0
2025.05.16. 03:15;0.096;0
2025.05.16. 03:30;0.086;0
2025.05.16. 03:45;0.089;0
2025.05.16. 04:00;0.097;0
2025.05.16. 04:15;0.1;0
2025.05.16. 04:30;0.112;0
2025.05.16. 04:45;0.069;0
2025.05.16. 05:00;0.045;0
2025.05.16. 05:15;0.045;0
2025.05.16. 05:30;0.037;0.001
2025.05.16. 05:45;0.043;0.006
2025.05.16. 06:00;0.096;0.013
2025.05.16. 06:15;0.046;0.009
2025.05.16. 06:30;0.015;0.007
2025.05.16. 06:45;0.065;0.011
2025.05.16. 07:00;0.071;0.018
2025.05.16. 07:15;0.056;0.044
2025.05.16. 07:30;0.04;0.067
2025.05.16. 07:45;0.007;0.294
2025.05.16. 08:00;0;0.577
2025.05.16. 08:15;0;0.88
2025.05.16. 08:30;0;1.046
2025.05.16. 08:45;0;1.094
2025.05.16. 09:00;0;1.239
2025.05.16. 09:15;0;1.363
2025.05.16. 09:30;0;1.38
2025.05.16. 09:45;0;1.388
2025.05.16. 10:00;0;1.402
2025.05.16. 10:15;0;1.472
2025.05.16. 10:30;0;1.559
2025.05.16. 10:45;0;1.642
2025.05.16. 11:00;0;1.696
2025.05.16. 11:15;0;1.634
2025.05.16. 11:30;0;1.852
2025.05.16. 11:45;0;1.099
2025.05.16. 12:00;0;1.78
2025.05.16. 12:15;0;1.199
2025.05.16. 12:30;0;1.106
2025.05.16. 12:45;0;1.657
2025.05.16. 13:00;0;1.481
2025.05.16. 13:15;0;1.514
2025.05.16. 13:30;0;1.114
2025.05.16. 13:45;0;1.455
2025.05.16. 14:00;0;1.438
2025.05.16. 14:15;0;0.944
2025.05.16. 14:30;0;0.674
2025.05.16. 14:45;0;1.266
2025.05.16. 15:00;0;0.753
2025.05.16. 15:15;0;0.343
2025.05.16. 15:30;0;0.449
2025.05.16. 15:45;0;0.967
2025.05.16. 16:00;0;0.89
2025.05.16. 16:15;0;0.978
2025.05.16. 16:30;0;1.021
2025.05.16. 16:45;0;0.948
2025.05.16. 17:00;0;0.311
2025.05.16. 17:15;0.241;0.208
2025.05.16. 17:30;0;0.167
2025.05.16. 17:45;0.017;0.111
2025.05.16. 18:00;0.084;0.141
2025.05.16. 18:15;0.439;0.269
2025.05.16. 18:30;0.005;0.368
2025.05.16. 18:45;0;0.423
2025.05.16. 19:00;0;0.275
2025.05.16. 19:15;0.014;0.108
2025.05.16. 19:30;0.02;0.074
2025.05.16. 19:45;0.054;0.024
2025.05.16. 20:00;0.062;0.015
2025.05.16. 20:15;0.115;0.007
2025.05.16. 20:30;0.182;0
2025.05.16. 20:45;0.183;0
2025.05.16. 21:00;0.115;0
2025.05.16. 21:15;0.093;0
2025.05.16. 21:30;0.087;0
2025.05.16. 21:45;0.097;0
2025.05.16. 22:00;0.125;0
2025.05.16. 22:15;0.11;0
2025.05.16. 22:30;0.085;0
2025.05.16. 22:45;0.072;0
2025.05.16. 23:00;0.079;0
2025.05.16. 23:15;0.098;0
2025.05.16. 23:30;0.126;0
2025.05.16. 23:45;0.125;0
2025.05.17. 00:00;0.112;0
2025.05.17. 00:15;0.107;0
2025.05.17. 00:30;0.127;0
2025.05.17. 00:45;0.102;0
2025.05.17. 01:00;0.082;0
2025.05.17. 01:15;0.082;0
2025.05.17. 01:30;0.06;0
2025.05.17. 01:45;0.053;0
2025.05.17. 02:00;0.076;0
2025.05.17. 02:15;0.069;0
2025.05.17. 02:30;0.062;0
2025.05.17. 02:45;0.22;0
2025.05.17. 03:00;0.046;0
2025.05.17. 03:15;0.06;0
2025.05.17. 03:30;0.067;0
2025.05.17. 03:45;0.085;0
2025.05.17. 04:00;0.082;0
2025.05.17. 04:15;0.081;0
2025.05.17. 04:30;0.134;0
2025.05.17. 04:45;0.127;0
2025.05.17. 05:00;0.09;0
2025.05.17. 05:15;0.079;0
2025.05.17. 05:30;0.055;0.001
2025.05.17. 05:45;0.021;0.007
2025.05.17. 06:00;0.03;0.016
2025.05.17. 06:15;0.021;0.027
2025.05.17. 06:30;0.003;0.037
2025.05.17. 06:45;0;0.051
2025.05.17. 07:00;0.048;0.06
2025.05.17. 07:15;0.103;0.086
2025.05.17. 07:30;0.088;0.183
2025.05.17. 07:45;0.177;0.193
2025.05.17. 08:00;0.079;0.22
2025.05.17. 08:15;0.046;0.21
2025.05.17. 08:30;0.016;0.32
2025.05.17. 08:45;0;0.709
2025.05.17. 09:00;0.004;0.775
2025.05.17. 09:15;0;1.129
2025.05.17. 09:30;0;0.885
2025.05.17. 09:45;0.003;1.19
2025.05.17. 10:00;0.002;0.927
2025.05.17. 10:15;0;1.433
2025.05.17. 10:30;0;0.448
2025.05.17. 10:45;0;1.144
2025.05.17. 11:00;0;0.856
2025.05.17. 11:15;0;0.528
2025.05.17. 11:30;0;0.569
2025.05.17. 11:45;0;0.489
2025.05.17. 12:00;0.266;0.474
2025.05.17. 12:15;0.013;0.685
2025.05.17. 12:30;0.004;0.566
2025.05.17. 12:45;0;0.231
2025.05.17. 13:00;0;0.317
2025.05.17. 13:15;0;0.92
2025.05.17. 13:30;0.105;0.342
2025.05.17. 13:45;0.387;0.527
2025.05.17. 14:00;0.052;1.037
2025.05.17. 14:15;0.013;0.739
2025.05.17. 14:30;0.183;0.984
2025.05.17. 14:45;0.314;0.519
2025.05.17. 15:00;0;0.675
2025.05.17. 15:15;0;1.381
2025.05.17. 15:30;0;1.132
2025.05.17. 15:45;0;1.053
2025.05.17. 16:00;0.012;0.989
2025.05.17. 16:15;0;1.046
2025.05.17. 16:30;0;1.041
2025.05.17. 16:45;0.069;0.493
2025.05.17. 17:00;0.109;0.408
2025.05.17. 17:15;0.015;0.63
2025.05.17. 17:30;0;0.91
2025.05.17. 17:45;0;0.812
2025.05.17. 18:00;0;0.81
2025.05.17. 18:15;0;0.779
2025.05.17. 18:30;0.065;0.479
2025.05.17. 18:45;0.096;0.29
2025.05.17. 19:00;0.072;0.167
2025.05.17. 19:15;0.162;0.139
2025.05.17. 19:30;0.15;0.079
2025.05.17. 19:45;0.315;0.024
2025.05.17. 20:00;0.422;0.001
2025.05.17. 20:15;0.498;0
2025.05.17. 20:30;0.412;0
2025.05.17. 20:45;0.493;0
2025.05.17. 21:00;0.298;0
2025.05.17. 21:15;0.331;0
2025.05.17. 21:30;0.297;0
2025.05.17. 21:45;0.686;0
2025.05.17. 22:00;0.676;0
2025.05.17. 22:15;0.382;0
2025.05.17. 22:30;0.415;0
2025.05.17. 22:45;0.341;0
2025.05.17. 23:00;0.249;0
2025.05.17. 23:15;0.236;0
2025.05.17. 23:30;0.146;0
2025.05.17. 23:45;0.112;0
2025.05.18. 00:00;0.174;0
2025.05.18. 00:15;0.134;0
2025.05.18. 00:30;0.123;0
2025.05.18. 00:45;0.12;0
2025.05.18. 01:00;0.117;0
2025.05.18. 01:15;0.13;0
2025.05.18. 01:30;0.13;0
2025.05.18. 01:45;0.115;0
2025.05.18. 02:00;0.093;0
2025.05.18. 02:15;0.082;0
2025.05.18. 02:30;0.078;0
2025.05.18. 02:45;0.083;0
2025.05.18. 03:00;0.098;0
2025.05.18. 03:15;0.098;0
2025.05.18. 03:30;0.086;0
2025.05.18. 03:45;0.058;0
2025.05.18. 04:00;0.067;0
2025.05.18. 04:15;0.11;0
2025.05.18. 04:30;0.1;0
2025.05.18. 04:45;0.079;0
2025.05.18. 05:00;0.078;0
2025.05.18. 05:15;0.078;0
2025.05.18. 05:30;0.075;0
2025.05.18. 05:45;0.093;0
2025.05.18. 06:00;0.056;0.008
2025.05.18. 06:15;0.016;0.022
2025.05.18. 06:30;0.001;0.067
2025.05.18. 06:45;0;0.145
2025.05.18. 07:00;0;0.159
2025.05.18. 07:15;0;0.128
2025.05.18. 07:30;0;0.213
2025.05.18. 07:45;0.075;0.324
2025.05.18. 08:00;0;0.324
2025.05.18. 08:15;0.019;0.077
2025.05.18. 08:30;0.049;0.177
2025.05.18. 08:45;0.019;0.864
2025.05.18. 09:00;0.032;0.954
2025.05.18. 09:15;0;0.899
2025.05.18. 09:30;0;1.184
2025.05.18. 09:45;0.005;1.076
2025.05.18. 10:00;0;1.047
2025.05.18. 10:15;0;1.429
2025.05.18. 10:30;0;1.516
2025.05.18. 10:45;0;1.322
2025.05.18. 11:00;0;1.413
2025.05.18. 11:15;0;1.551
2025.05.18. 11:30;0;1.704
2025.05.18. 11:45;0;1.336
2025.05.18. 12:00;0;1.257
2025.05.18. 12:15;0;1.446
2025.05.18. 12:30;0;1.375
2025.05.18. 12:45;0;0.921
2025.05.18. 13:00;0;0.806
2025.05.18. 13:15;0;0.262
2025.05.18. 13:30;0.017;0.098
2025.05.18. 13:45;0.038;0.06
2025.05.18. 14:00;0.004;0.252
2025.05.18. 14:15;0;0.629
2025.05.18. 14:30;0;1.72
2025.05.18. 14:45;0;1.479
2025.05.18. 15:00;0;1.399
2025.05.18. 15:15;0;1.359
2025.05.18. 15:30;0;1.344
2025.05.18. 15:45;0;1.105
2025.05.18. 16:00;0;1.116
2025.05.18. 16:15;0.001;0.458
2025.05.18. 16:30;0.103;0.026
2025.05.18. 16:45;0.122;0.003
2025.05.18. 17:00;0.107;0.001
2025.05.18. 17:15;0.078;0.024
2025.05.18. 17:30;0.059;0.076
2025.05.18. 17:45;0.009;0.302
2025.05.18. 18:00;0.002;0.273
2025.05.18. 18:15;0;0.371
2025.05.18. 18:30;0.013;0.059
2025.05.18. 18:45;0.046;0.037
2025.05.18. 19:00;0.039;0.064
2025.05.18. 19:15;0.037;0.051
2025.05.18. 19:30;0.066;0.063
2025.05.18. 19:45;0.121;0.006
2025.05.18. 20:00;0.146;0.001
2025.05.18. 20:15;0.147;0
2025.05.18. 20:30;0.175;0
2025.05.18. 20:45;0.178;0
2025.05.18. 21:00;0.117;0
2025.05.18. 21:15;0.1;0
2025.05.18. 21:30;0.101;0
2025.05.18. 21:45;0.121;0
2025.05.18. 22:00;0.111;0
2025.05.18. 22:15;0.099;0
2025.05.18. 22:30;0.099;0
2025.05.18. 22:45;0.102;0
2025.05.18. 23:00;0.128;0
2025.05.18. 23:15;0.142;0
2025.05.18. 23:30;0.103;0
2025.05.18. 23:45;0.077;0
2025.05.19. 00:00;0.076;0
2025.05.19. 00:15;0.074;0
2025.05.19. 00:30;0.084;0
2025.05.19. 00:45;0.084;0
2025.05.19. 01:00;0.06;0
2025.05.19. 01:15;0.055;0
2025.05.19. 01:30;0.077;0
2025.05.19. 01:45;0.104;0
2025.05.19. 02:00;0.093;0
2025.05.19. 02:15;0.096;0
2025.05.19. 02:30;0.076;0
2025.05.19. 02:45;0.076;0
2025.05.19. 03:00;0.076;0
2025.05.19. 03:15;0.076;0
2025.05.19. 03:30;0.097;0
2025.05.19. 03:45;0.086;0
2025.05.19. 04:00;0.1;0
2025.05.19. 04:15;0.088;0
2025.05.19. 04:30;0.075;0
2025.05.19. 04:45;0.065;0
2025.05.19. 05:00;0.063;0
2025.05.19. 05:15;0.046;0
2025.05.19. 05:30;0.037;0.001
2025.05.19. 05:45;0.027;0.005
2025.05.19. 06:00;0.142;0.016
2025.05.19. 06:15;0.06;0.021
2025.05.19. 06:30;0.086;0.033
2025.05.19. 06:45;0.048;0.039
2025.05.19. 07:00;0.032;0.086
2025.05.19. 07:15;0.019;0.138
2025.05.19. 07:30;0.003;0.193
2025.05.19. 07:45;0;0.247
2025.05.19. 08:00;0.042;0.332
2025.05.19. 08:15;0.055;0.433
2025.05.19. 08:30;0.059;0.391
2025.05.19. 08:45;0.048;0.489
2025.05.19. 09:00;0;0.927
2025.05.19. 09:15;0.019;0.88
2025.05.19. 09:30;0;1.03
2025.05.19. 09:45;0;1.076
2025.05.19. 10:00;0.016;0.969
2025.05.19. 10:15;0;1.206
2025.05.19. 10:30;0.009;1.128
2025.05.19. 10:45;0.006;1.264
2025.05.19. 11:00;0;1.486
2025.05.19. 11:15;0.016;1.244
2025.05.19. 11:30;0.021;1.215
2025.05.19. 11:45;0;1.599
2025.05.19. 12:00;0;0.781
2025.05.19. 12:15;0;0.968
2025.05.19. 12:30;0;1.229
2025.05.19. 12:45;0;1.439
2025.05.19. 13:00;0;1.24
2025.05.19. 13:15;0;1.33
2025.05.19. 13:30;0;1.679
2025.05.19. 13:45;0;1.168
2025.05.19. 14:00;0;1.094
2025.05.19. 14:15;0;1.083
2025.05.19. 14:30;0;1.396
2025.05.19. 14:45;0;1.158
2025.05.19. 15:00;0;1.06
2025.05.19. 15:15;0;0.927
2025.05.19. 15:30;0;0.856
2025.05.19. 15:45;0;0.999
2025.05.19. 16:00;0;0.746
2025.05.19. 16:15;0;0.747
2025.05.19. 16:30;0;0.853
2025.05.19. 16:45;0;0.875
2025.05.19. 17:00;0;0.506
2025.05.19. 17:15;0;0.415
2025.05.19. 17:30;0;0.408
2025.05.19. 17:45;0.001;0.267
2025.05.19. 18:00;0;0.305
2025.05.19. 18:15;0;0.304
2025.05.19. 18:30;0.009;0.196
2025.05.19. 18:45;0.027;0.129
2025.05.19. 19:00;0.025;0.179
2025.05.19. 19:15;0;0.562
2025.05.19. 19:30;0;0.325
2025.05.19. 19:45;0.051;0.058
2025.05.19. 20:00;0.09;0.012
2025.05.19. 20:15;0.098;0.001
2025.05.19. 20:30;0.105;0
2025.05.19. 20:45;0.095;0
2025.05.19. 21:00;0.1;0
2025.05.19. 21:15;0.125;0
2025.05.19. 21:30;0.104;0
2025.05.19. 21:45;0.128;0
2025.05.19. 22:00;0.09;0
2025.05.19. 22:15;0.081;0
2025.05.19. 22:30;0.08;0
2025.05.19. 22:45;0.081;0
2025.05.19. 23:00;0.089;0
2025.05.19. 23:15;0.064;0
2025.05.19. 23:30;0.051;0
2025.05.19. 23:45;0.055;0
2025.05.20. 00:00;0.076;0
2025.05.20. 00:15;0.052;0
2025.05.20. 00:30;0.064;0
2025.05.20. 00:45;0.06;0
2025.05.20. 01:00;0.058;0
2025.05.20. 01:15;0.089;0
2025.05.20. 01:30;0.091;0
2025.05.20. 01:45;0.101;0
2025.05.20. 02:00;0.108;0
2025.05.20. 02:15;0.114;0
2025.05.20. 02:30;0.095;0
2025.05.20. 02:45;0.086;0
2025.05.20. 03:00;0.087;0
2025.05.20. 03:15;0.084;0
2025.05.20. 03:30;0.069;0
2025.05.20. 03:45;0.056;0
2025.05.20. 04:00;0.056;0
2025.05.20. 04:15;0.056;0
2025.05.20. 04:30;0.201;0
2025.05.20. 04:45;0.12;0
2025.05.20. 05:00;0.058;0
2025.05.20. 05:15;0.042;0
2025.05.20. 05:30;0.07;0.002
2025.05.20. 05:45;0.104;0.007
2025.05.20. 06:00;0.11;0.008
2025.05.20. 06:15;0.113;0.016
2025.05.20. 06:30;0.074;0.026
2025.05.20. 06:45;0.03;0.056
2025.05.20. 07:00;0.024;0.075
2025.05.20. 07:15;0.015;0.083
2025.05.20. 07:30;0.004;0.071
2025.05.20. 07:45;0;0.203
2025.05.20. 08:00;0;0.542
2025.05.20. 08:15;0;0.805
2025.05.20. 08:30;0;0.959
2025.05.20. 08:45;0;1.015
2025.05.20. 09:00;0;1.158
2025.05.20. 09:15;0;1.235
2025.05.20. 09:30;0;1.205
2025.05.20. 09:45;0;1.241
2025.05.20. 10:00;0;1.308
2025.05.20. 10:15;0;1.396
2025.05.20. 10:30;0;1.452
2025.05.20. 10:45;0;1.451
2025.05.20. 11:00;0;1.592
2025.05.20. 11:15;0;1.025
2025.05.20. 11:30;0;1.648
2025.05.20. 11:45;0;1.683
2025.05.20. 12:00;0;1.601
2025.05.20. 12:15;0;1.569
2025.05.20. 12:30;0;1.769
2025.05.20. 12:45;0;1.667
2025.05.20. 13:00;0;1.682
2025.05.20. 13:15;0;1.789
2025.05.20. 13:30;0;1.392
2025.05.20. 13:45;0;0.869
2025.05.20. 14:00;0;0.805
2025.05.20. 14:15;0;1.088
2025.05.20. 14:30;0;1.243
2025.05.20. 14:45;0;1.061
2025.05.20. 15:00;0;1.337
2025.05.20. 15:15;0;1.42
2025.05.20. 15:30;0.015;1.196
2025.05.20. 15:45;0.049;1.124
2025.05.20. 16:00;0;0.82
2025.05.20. 16:15;0;1.162
2025.05.20. 16:30;0;1.001
2025.05.20. 16:45;0.126;0.703
2025.05.20. 17:00;0.02;1.118
2025.05.20. 17:15;0;1.093
2025.05.20. 17:30;0;0.724
2025.05.20. 17:45;0;0.553
2025.05.20. 18:00;0;0.381
2025.05.20. 18:15;0;0.48
2025.05.20. 18:30;0;0.598
2025.05.20. 18:45;0.192;0.399
2025.05.20. 19:00;0.278;0.096
2025.05.20. 19:15;0.176;0.034
2025.05.20. 19:30;0.507;0.026
2025.05.20. 19:45;0.327;0.011
2025.05.20. 20:00;0.647;0
2025.05.20. 20:15;0.259;0
2025.05.20. 20:30;0.172;0
2025.05.20. 20:45;0.122;0
2025.05.20. 21:00;0.122;0
2025.05.20. 21:15;0.144;0
2025.05.20. 21:30;0.155;0
2025.05.20. 21:45;0.121;0
2025.05.20. 22:00;0.103;0
2025.05.20. 22:15;0.101;0
2025.05.20. 22:30;0.097;0
2025.05.20. 22:45;0.143;0
2025.05.20. 23:00;0.167;0
2025.05.20. 23:15;0.128;0
2025.05.20. 23:30;0.117;0
2025.05.20. 23:45;0.112;0
2025.05.21. 00:00;0.122;0
2025.05.21. 00:15;0.131;0
2025.05.21. 00:30;0.127;0
2025.05.21. 00:45;0.102;0
2025.05.21. 01:00;0.095;0
2025.05.21. 01:15;0.094;0
2025.05.21. 01:30;0.087;0
2025.05.21. 01:45;0.059;0
2025.05.21. 02:00;0.068;0
2025.05.21. 02:15;0.079;0
2025.05.21. 02:30;0.064;0
2025.05.21. 02:45;0.077;0
2025.05.21. 03:00;0.061;0
2025.05.21. 03:15;0.055;0
2025.05.21. 03:30;0.073;0
2025.05.21. 03:45;0.1;0
2025.05.21. 04:00;0.13;0
2025.05.21. 04:15;0.116;0
2025.05.21. 04:30;0.088;0
2025.05.21. 04:45;0.087;0
2025.05.21. 05:00;0.087;0
2025.05.21. 05:15;0.097;0
2025.05.21. 05:30;0.12;0
2025.05.21. 05:45;0.117;0
2025.05.21. 06:00;0.089;0.002
2025.05.21. 06:15;0.14;0.002
2025.05.21. 06:30;0.096;0.008
2025.05.21. 06:45;0.056;0.008
2025.05.21. 07:00;0.054;0.028
2025.05.21. 07:15;0.037;0.039
2025.05.21. 07:30;0.024;0.049
2025.05.21. 07:45;0;0.136
2025.05.21. 08:00;0;0.216
2025.05.21. 08:15;0;0.267
2025.05.21. 08:30;0;0.416
2025.05.21. 08:45;0;0.468
2025.05.21. 09:00;0;0.514
2025.05.21. 09:15;0;0.603
2025.05.21. 09:30;0;0.378
2025.05.21. 09:45;0.007;0.285
2025.05.21. 10:00;0.112;0.201
2025.05.21. 10:15;0.059;0.233
2025.05.21. 10:30;0.034;0.277
2025.05.21. 10:45;0.002;0.411
2025.05.21. 11:00;0;0.605
2025.05.21. 11:15;0;0.493
2025.05.21. 11:30;0;0.683
2025.05.21. 11:45;0;0.705
2025.05.21. 12:00;0;0.556
2025.05.21. 12:15;0;0.521
2025.05.21. 12:30;0.039;0.337
2025.05.21. 12:45;0.205;0.246
2025.05.21. 13:00;0.07;0.275
2025.05.21. 13:15;0.232;0.057
2025.05.21. 13:30;0.261;0.024
2025.05.21. 13:45;0.004;0.263
2025.05.21. 14:00;0;0.719
2025.05.21. 14:15;0;0.778
2025.05.21. 14:30;0;0.7
2025.05.21. 14:45;0;0.534
2025.05.21. 15:00;0;1.413
2025.05.21. 15:15;0;0.922
2025.05.21. 15:30;0;1.229
2025.05.21. 15:45;0;0.497
2025.05.21. 16:00;0;0.454
2025.05.21. 16:15;0;0.301
2025.05.21. 16:30;0.022;0.443
2025.05.21. 16:45;0.14;0.258
2025.05.21. 17:00;0.144;0.203
2025.05.21. 17:15;0.196;0.1
2025.05.21. 17:30;0.181;0.049
2025.05.21. 17:45;0.11;0.027
2025.05.21. 18:00;0.176;0.009
2025.05.21. 18:15;0.161;0.007
2025.05.21. 18:30;0.087;0.035
2025.05.21. 18:45;0.044;0.118
2025.05.21. 19:00;0.006;0.209
2025.05.21. 19:15;0.016;0.192
2025.05.21. 19:30;0.05;0.169
2025.05.21. 19:45;0.105;0.047
2025.05.21. 20:00;0.156;0.004
2025.05.21. 20:15;0.107;0
2025.05.21. 20:30;0.127;0
2025.05.21. 20:45;0.143;0
2025.05.21. 21:00;0.149;0
2025.05.21. 21:15;0.492;0
2025.05.21. 21:30;0.305;0
2025.05.21. 21:45;0.532;0
2025.05.21. 22:00;0.234;0
2025.05.21. 22:15;0.121;0
2025.05.21. 22:30;0.245;0
2025.05.21. 22:45;0.228;0
2025.05.21. 23:00;0.26;0
2025.05.21. 23:15;0.173;0
2025.05.21. 23:30;0.168;0
2025.05.21. 23:45;0.16;0
2025.05.22. 00:00;0.151;0
2025.05.22. 00:15;0.141;0
2025.05.22. 00:30;0.131;0
2025.05.22. 00:45;0.147;0
2025.05.22. 01:00;0.119;0
2025.05.22. 01:15;0.101;0
2025.05.22. 01:30;0.112;0
2025.05.22. 01:45;0.091;0
2025.05.22. 02:00;0.084;0
2025.05.22. 02:15;0.083;0
2025.05.22. 02:30;0.069;0
2025.05.22. 02:45;0.087;0
2025.05.22. 03:00;0.181;0
2025.05.22. 03:15;0.08;0
2025.05.22. 03:30;0.101;0
2025.05.22. 03:45;0.078;0
2025.05.22. 04:00;0.092;0
2025.05.22. 04:15;0.091;0
2025.05.22. 04:30;0.089;0
2025.05.22. 04:45;0.108;0
2025.05.22. 05:00;0.098;0
2025.05.22. 05:15;0.084;0
2025.05.22. 05:30;0.125;0
2025.05.22. 05:45;0.286;0
2025.05.22. 06:00;0.16;0.001
2025.05.22. 06:15;0.091;0
2025.05.22. 06:30;0.08;0
2025.05.22. 06:45;0.168;0.016
2025.05.22. 07:00;0;0.077
2025.05.22. 07:15;0.149;0.092
2025.05.22. 07:30;0.144;0.092
2025.05.22. 07:45;0.142;0.131
2025.05.22. 08:00;0.126;0.183
2025.05.22. 08:15;0.088;0.222
2025.05.22. 08:30;0.09;0.222
2025.05.22. 08:45;0.018;0.401
2025.05.22. 09:00;0.003;0.395
2025.05.22. 09:15;0.012;0.332
2025.05.22. 09:30;0;0.458
2025.05.22. 09:45;0.022;0.369
2025.05.22. 10:00;0.043;0.298
2025.05.22. 10:15;0;0.738
2025.05.22. 10:30;0.005;0.493
2025.05.22. 10:45;0.003;0.708
2025.05.22. 11:00;0;1.247
2025.05.22. 11:15;0;0.909
2025.05.22. 11:30;0;0.919
2025.05.22. 11:45;0;0.606
2025.05.22. 12:00;0;1.18
2025.05.22. 12:15;0;1.666
2025.05.22. 12:30;0;1.698
2025.05.22. 12:45;0;1.184
2025.05.22. 13:00;0;0.764
2025.05.22. 13:15;0;0.376
2025.05.22. 13:30;0;0.725
2025.05.22. 13:45;0;0.582
2025.05.22. 14:00;0;1.089
2025.05.22. 14:15;0;1.504
2025.05.22. 14:30;0;1.364
2025.05.22. 14:45;0;1.329
2025.05.22. 15:00;0;1.088
2025.05.22. 15:15;0;1.247
2025.05.22. 15:30;0;1.271
2025.05.22. 15:45;0;1.188
2025.05.22. 16:00;0;1.193
2025.05.22. 16:15;0;0.869
2025.05.22. 16:30;0.004;0.613
2025.05.22. 16:45;0.001;0.696
2025.05.22. 17:00;0;1.038
2025.05.22. 17:15;0;0.867
2025.05.22. 17:30;0;0.742
2025.05.22. 17:45;0;0.513
2025.05.22. 18:00;0;0.532
2025.05.22. 18:15;0.006;0.086
2025.05.22. 18:30;0.004;0.105
2025.05.22. 18:45;0.037;0.092
2025.05.22. 19:00;0.05;0.06
2025.05.22. 19:15;0.074;0.048
2025.05.22. 19:30;0.096;0.023
2025.05.22. 19:45;0.123;0.011
2025.05.22. 20:00;0.116;0.011
2025.05.22. 20:15;0.127;0
2025.05.22. 20:30;0.162;0
2025.05.22. 20:45;0.179;0
2025.05.22. 21:00;0.157;0
2025.05.22. 21:15;0.181;0
2025.05.22. 21:30;0.199;0
2025.05.22. 21:45;0.168;0
2025.05.22. 22:00;0.177;0
2025.05.22. 22:15;0.157;0
2025.05.22. 22:30;0.154;0
2025.05.22. 22:45;0.123;0
2025.05.22. 23:00;0.14;0
2025.05.22. 23:15;0.152;0
2025.05.22. 23:30;0.138;0
2025.05.22. 23:45;0.113;0
2025.05.23. 00:00;0.115;0
2025.05.23. 00:15;0.114;0
2025.05.23. 00:30;0.084;0
2025.05.23. 00:45;0.099;0
2025.05.23. 01:00;0.114;0
2025.05.23. 01:15;0.103;0
2025.05.23. 01:30;0.092;0
2025.05.23. 01:45;0.091;0
2025.05.23. 02:00;0.091;0
2025.05.23. 02:15;0.119;0
2025.05.23. 02:30;0.114;0
2025.05.23. 02:45;0.112;0
2025.05.23. 03:00;0.126;0
2025.05.23. 03:15;0.109;0
2025.05.23. 03:30;0.104;0
2025.05.23. 03:45;0.123;0
2025.05.23. 04:00;0.109;0
2025.05.23. 04:15;0.058;0
2025.05.23. 04:30;0.056;0
2025.05.23. 04:45;0.055;0
2025.05.23. 05:00;0.083;0
2025.05.23. 05:15;0.078;0
2025.05.23. 05:30;0.046;0
2025.05.23. 05:45;0.035;0.001
2025.05.23. 06:00;0.075;0.005
2025.05.23. 06:15;0.087;0.01
2025.05.23. 06:30;0.063;0.017
2025.05.23. 06:45;0.111;0.031
2025.05.23. 07:00;0.053;0.014
2025.05.23. 07:15;0.019;0.052
2025.05.23. 07:30;0.001;0.173
2025.05.23. 07:45;0;0.274
2025.05.23. 08:00;0;0.282
2025.05.23. 08:15;0;0.347
2025.05.23. 08:30;0;0.365
2025.05.23. 08:45;0;0.349
2025.05.23. 09:00;0.018;0.302
2025.05.23. 09:15;0.086;0.39
2025.05.23. 09:30;0;0.382
2025.05.23. 09:45;0;0.511
2025.05.23. 10:00;0;0.588
2025.05.23. 10:15;0;0.608
2025.05.23. 10:30;0;0.361
2025.05.23. 10:45;0;0.272
2025.05.23. 11:00;0;0.306
2025.05.23. 11:15;0;0.293
2025.05.23. 11:30;0;0.184
2025.05.23. 11:45;0;0.217
2025.05.23. 12:00;0.01;0.337
2025.05.23. 12:15;0;0.518
2025.05.23. 12:30;0.007;0.279
2025.05.23. 12:45;0;0.502
2025.05.23. 13:00;0;0.532
2025.05.23. 13:15;0;0.793
2025.05.23. 13:30;0;0.688
2025.05.23. 13:45;0;0.499
2025.05.23. 14:00;0;0.64
2025.05.23. 14:15;0;0.506
2025.05.23. 14:30;0;0.323
2025.05.23. 14:45;0;0.277
2025.05.23. 15:00;0;0.191
2025.05.23. 15:15;0.005;0.107
2025.05.23. 15:30;0.009;0.085
2025.05.23. 15:45;0.003;0.165
2025.05.23. 16:00;0;0.136
2025.05.23. 16:15;0;0.157
2025.05.23. 16:30;0.019;0.121
2025.05.23. 16:45;0.12;0.051
2025.05.23. 17:00;0.295;0.025
2025.05.23. 17:15;0.278;0.03
2025.05.23. 17:30;0.247;0.043
2025.05.23. 17:45;0.291;0.025
2025.05.23. 18:00;0.297;0.022
2025.05.23. 18:15;0.279;0.026
2025.05.23. 18:30;0.284;0.017
2025.05.23. 18:45;0.283;0.018
2025.05.23. 19:00;0.316;0.01
2025.05.23. 19:15;0.346;0.003
2025.05.23. 19:30;0.318;0.001
2025.05.23. 19:45;0.436;0
2025.05.23. 20:00;0.336;0
2025.05.23. 20:15;0.327;0
2025.05.23. 20:30;0.147;0
2025.05.23. 20:45;0.099;0
2025.05.23. 21:00;0.082;0
2025.05.23. 21:15;0.085;0
2025.05.23. 21:30;0.122;0
2025.05.23. 21:45;0.131;0
2025.05.23. 22:00;0.142;0
2025.05.23. 22:15;0.132;0
2025.05.23. 22:30;0.146;0
2025.05.23. 22:45;0.134;0
2025.05.23. 23:00;0.126;0
2025.05.23. 23:15;0.143;0
2025.05.23. 23:30;0.134;0
2025.05.23. 23:45;0.147;0
2025.05.24. 00:00;0.165;0
2025.05.24. 00:15;0.175;0
2025.05.24. 00:30;0.178;0
2025.05.24. 00:45;0.15;0
2025.05.24. 01:00;0.074;0
2025.05.24. 01:15;0.087;0
2025.05.24. 01:30;0.083;0
2025.05.24. 01:45;0.073;0
2025.05.24. 02:00;0.08;0
2025.05.24. 02:15;0.094;0
2025.05.24. 02:30;0.089;0
2025.05.24. 02:45;0.09;0
2025.05.24. 03:00;0.092;0
2025.05.24. 03:15;0.102;0
2025.05.24. 03:30;0.087;0
2025.05.24. 03:45;0.072;0
2025.05.24. 04:00;0.074;0
2025.05.24. 04:15;0.073;0
2025.05.24. 04:30;0.085;0
2025.05.24. 04:45;0.105;0
2025.05.24. 05:00;0.064;0
2025.05.24. 05:15;0.058;0
2025.05.24. 05:30;0.044;0.004
2025.05.24. 05:45;0.033;0.01
2025.05.24. 06:00;0.046;0.022
2025.05.24. 06:15;0.035;0.031
2025.05.24. 06:30;0.021;0.041
2025.05.24. 06:45;0.048;0.053
2025.05.24. 07:00;0.039;0.061
2025.05.24. 07:15;0.037;0.071
2025.05.24. 07:30;0.048;0.08
2025.05.24. 07:45;0.112;0.355
2025.05.24. 08:00;0;0.51
2025.05.24. 08:15;0;0.622
2025.05.24. 08:30;0;0.941
2025.05.24. 08:45;0;1.013
2025.05.24. 09:00;0.096;0.966
2025.05.24. 09:15;0.001;1.162
2025.05.24. 09:30;0.007;1.034
2025.05.24. 09:45;0.009;1.072
2025.05.24. 10:00;0;1.241
2025.05.24. 10:15;0.018;1.068
2025.05.24. 10:30;0.118;0.838
2025.05.24. 10:45;0.013;1.139
2025.05.24. 11:00;0.232;0.808
2025.05.24. 11:15;0.324;0.871
2025.05.24. 11:30;0.221;0.919
2025.05.24. 11:45;0.183;0.643
2025.05.24. 12:00;0.051;0.954
2025.05.24. 12:15;0.036;0.99
2025.05.24. 12:30;0.007;1.275
2025.05.24. 12:45;0;0.895
2025.05.24. 13:00;0.002;0.904
2025.05.24. 13:15;0.001;1.291
2025.05.24. 13:30;0.185;0.726
2025.05.24. 13:45;0.031;1.524
2025.05.24. 14:00;0;1.46
2025.05.24. 14:15;0;1.653
2025.05.24. 14:30;0;1.206
2025.05.24. 14:45;0;1.244
2025.05.24. 15:00;0;1.624
2025.05.24. 15:15;0;1.632
2025.05.24. 15:30;0;1.45
2025.05.24. 15:45;0;1.228
2025.05.24. 16:00;0;1.312
2025.05.24. 16:15;0;1.067
2025.05.24. 16:30;0;0.958
2025.05.24. 16:45;0;1.289
2025.05.24. 17:00;0;1.287
2025.05.24. 17:15;0;0.519
2025.05.24. 17:30;0;0.411
2025.05.24. 17:45;0;0.537
2025.05.24. 18:00;0;0.811
2025.05.24. 18:15;0.004;0.485
2025.05.24. 18:30;0.039;0.134
2025.05.24. 18:45;0.015;0.184
2025.05.24. 19:00;0;0.279
2025.05.24. 19:15;0.004;0.435
2025.05.24. 19:30;0.047;0.029
2025.05.24. 19:45;0.058;0.017
2025.05.24. 20:00;0.102;0.007
2025.05.24. 20:15;0.132;0.001
2025.05.24. 20:30;0.149;0
2025.05.24. 20:45;0.173;0
2025.05.24. 21:00;0.187;0
2025.05.24. 21:15;0.448;0
2025.05.24. 21:30;0.194;0
2025.05.24. 21:45;0.179;0
2025.05.24. 22:00;0.295;0
2025.05.24. 22:15;0.586;0
2025.05.24. 22:30;0.113;0
2025.05.24. 22:45;0.131;0
2025.05.24. 23:00;0.117;0
2025.05.24. 23:15;0.116;0
2025.05.24. 23:30;0.138;0
2025.05.24. 23:45;0.128;0
2025.05.25. 00:00;0.108;0
2025.05.25. 00:15;0.113;0
2025.05.25. 00:30;0.184;0
2025.05.25. 00:45;0.162;0
2025.05.25. 01:00;0.161;0
2025.05.25. 01:15;0.155;0
2025.05.25. 01:30;0.11;0
2025.05.25. 01:45;0.106;0
2025.05.25. 02:00;0.118;0
2025.05.25. 02:15;0.087;0
2025.05.25. 02:30;0.084;0
2025.05.25. 02:45;0.091;0
2025.05.25. 03:00;0.061;0
2025.05.25. 03:15;0.042;0
2025.05.25. 03:30;0.058;0
2025.05.25. 03:45;0.062;0
2025.05.25. 04:00;0.044;0
2025.05.25. 04:15;0.059;0
2025.05.25. 04:30;0.06;0
2025.05.25. 04:45;0.045;0
2025.05.25. 05:00;0.096;0
2025.05.25. 05:15;0.099;0.001
2025.05.25. 05:30;0.07;0.003
2025.05.25. 05:45;0.068;0.009
2025.05.25. 06:00;0.088;0.014
2025.05.25. 06:15;0.06;0.027
2025.05.25. 06:30;0.045;0.039
2025.05.25. 06:45;0.049;0.048
2025.05.25. 07:00;0.021;0.057
2025.05.25. 07:15;0;0.068
2025.05.25. 07:30;0.003;0.079
2025.05.25. 07:45;0.005;0.245
2025.05.25. 08:00;0;0.55
2025.05.25. 08:15;0.022;0.619
2025.05.25. 08:30;0;0.935
2025.05.25. 08:45;0;1.022
2025.05.25. 09:00;0;1.194
2025.05.25. 09:15;0.015;1.169
2025.05.25. 09:30;0.056;0.978
2025.05.25. 09:45;0.044;1.031
2025.05.25. 10:00;0.166;0.801
2025.05.25. 10:15;0.077;1.074
2025.05.25. 10:30;0.057;1.127
2025.05.25. 10:45;0.107;1.023
2025.05.25. 11:00;0.035;1.254
2025.05.25. 11:15;0.19;1.053
2025.05.25. 11:30;0.351;0.577
2025.05.25. 11:45;0.264;0.913
2025.05.25. 12:00;0.139;1.04
2025.05.25. 12:15;0;1.535
2025.05.25. 12:30;0;1.686
2025.05.25. 12:45;0;1.424
2025.05.25. 13:00;0;1.676
2025.05.25. 13:15;0;1.755
2025.05.25. 13:30;0.063;1.51
2025.05.25. 13:45;0.101;0.908
2025.05.25. 14:00;0.124;0.487
2025.05.25. 14:15;0.154;0.844
2025.05.25. 14:30;0.067;1.319
2025.05.25. 14:45;0.005;1.027
2025.05.25. 15:00;0.139;0.783
2025.05.25. 15:15;0.119;0.585
2025.05.25. 15:30;0.02;0.711
2025.05.25. 15:45;0;1.263
2025.05.25. 16:00;0.011;0.37
2025.05.25. 16:15;0.001;1.117
2025.05.25. 16:30;0.032;0.52
2025.05.25. 16:45;0.022;0.682
2025.05.25. 17:00;0.017;0.628
2025.05.25. 17:15;0.06;0.286
2025.05.25. 17:30;0.048;0.604
2025.05.25. 17:45;0.092;0.13
2025.05.25. 18:00;0.041;0.398
2025.05.25. 18:15;0.004;0.859
2025.05.25. 18:30;0.01;0.685
2025.05.25. 18:45;0.003;0.737
2025.05.25. 19:00;0.037;0.358
2025.05.25. 19:15;0.029;0.298
2025.05.25. 19:30;0;0.367
2025.05.25. 19:45;0.053;0.087
2025.05.25. 20:00;0.16;0.01
2025.05.25. 20:15;0.184;0.002
2025.05.25. 20:30;0.159;0
2025.05.25. 20:45;0.132;0
2025.05.25. 21:00;0.132;0
2025.05.25. 21:15;0.122;0
2025.05.25. 21:30;0.135;0
2025.05.25. 21:45;0.141;0
2025.05.25. 22:00;0.149;0
2025.05.25. 22:15;0.115;0
2025.05.25. 22:30;0.106;0
2025.05.25. 22:45;0.114;0
2025.05.25. 23:00;0.102;0
2025.05.25. 23:15;0.08;0
2025.05.25. 23:30;0.067;0
2025.05.25. 23:45;0.068;0
2025.05.26. 00:00;0.085;0
2025.05.26. 00:15;0.093;0
2025.05.26. 00:30;0.05;0
2025.05.26. 00:45;0.042;0
2025.05.26. 01:00;0.042;0
2025.05.26. 01:15;0.068;0
2025.05.26. 01:30;0.111;0
2025.05.26. 01:45;0.101;0
2025.05.26. 02:00;0.075;0
2025.05.26. 02:15;0.074;0
2025.05.26. 02:30;0.073;0
2025.05.26. 02:45;0.119;0
2025.05.26. 03:00;0.106;0
2025.05.26. 03:15;0.09;0
2025.05.26. 03:30;0.086;0
2025.05.26. 03:45;0.072;0
2025.05.26. 04:00;0.075;0
2025.05.26. 04:15;0.067;0
2025.05.26. 04:30;0.052;0
2025.05.26. 04:45;0.044;0
2025.05.26. 05:00;0.065;0
2025.05.26. 05:15;0.075;0.002
2025.05.26. 05:30;0.019;0.03
2025.05.26. 05:45;0.016;0.054
2025.05.26. 06:00;0.141;0.058
2025.05.26. 06:15;0.071;0.05
2025.05.26. 06:30;0.059;0.056
2025.05.26. 06:45;0.172;0.053
2025.05.26. 07:00;0.002;0.184
2025.05.26. 07:15;0;0.269
2025.05.26. 07:30;0;0.258
2025.05.26. 07:45;0;0.258
2025.05.26. 08:00;0;0.44
2025.05.26. 08:15;0;0.602
2025.05.26. 08:30;0;0.395
2025.05.26. 08:45;0;0.47
2025.05.26. 09:00;0;0.618
2025.05.26. 09:15;0;0.489
2025.05.26. 09:30;0;0.491
2025.05.26. 09:45;0;0.276
2025.05.26. 10:00;0;0.29
2025.05.26. 10:15;0.001;0.153
2025.05.26. 10:30;0;0.251
2025.05.26. 10:45;0;0.262
2025.05.26. 11:00;0;0.329
2025.05.26. 11:15;0;0.404
2025.05.26. 11:30;0;0.846
2025.05.26. 11:45;0;1.064
2025.05.26. 12:00;0;1.288
2025.05.26. 12:15;0;1.414
2025.05.26. 12:30;0;0.892
2025.05.26. 12:45;0;1.318
2025.05.26. 13:00;0;1.094
2025.05.26. 13:15;0;1.382
2025.05.26. 13:30;0;0.826
2025.05.26. 13:45;0;1.312
2025.05.26. 14:00;0;1.376
2025.05.26. 14:15;0;1.303
2025.05.26. 14:30;0;1.212
2025.05.26. 14:45;0;1.042
2025.05.26. 15:00;0;1.307
2025.05.26. 15:15;0;0.523
2025.05.26. 15:30;0;0.43
2025.05.26. 15:45;0;0.469
2025.05.26. 16:00;0;0.808
2025.05.26. 16:15;0;1.021
2025.05.26. 16:30;0;1.167
2025.05.26. 16:45;0;0.959
2025.05.26. 17:00;0;0.984
2025.05.26. 17:15;0.003;0.928
2025.05.26. 17:30;0.001;1.001
2025.05.26. 17:45;0.006;0.324
2025.05.26. 18:00;0.003;0.364
2025.05.26. 18:15;0;0.112
2025.05.26. 18:30;0.016;0.057
2025.05.26. 18:45;0.005;0.238
2025.05.26. 19:00;0.058;0.243
2025.05.26. 19:15;0.01;0.232
2025.05.26. 19:30;0.006;0.295
2025.05.26. 19:45;0.036;0.091
2025.05.26. 20:00;0.261;0.015
2025.05.26. 20:15;0.329;0.002
2025.05.26. 20:30;0.346;0
2025.05.26. 20:45;0.31;0
2025.05.26. 21:00;0.324;0
2025.05.26. 21:15;0.365;0
2025.05.26. 21:30;0.333;0
2025.05.26. 21:45;0.296;0
2025.05.26. 22:00;0.297;0
2025.05.26. 22:15;0.298;0
2025.05.26. 22:30;0.291;0
2025.05.26. 22:45;0.288;0
2025.05.26. 23:00;0.278;0
2025.05.26. 23:15;0.296;0
2025.05.26. 23:30;0.205;0
2025.05.26. 23:45;0.052;0
2025.05.27. 00:00;0.067;0
2025.05.27. 00:15;0.063;0
2025.05.27. 00:30;0.045;0
2025.05.27. 00:45;0.093;0
2025.05.27. 01:00;0.093;0
2025.05.27. 01:15;0.102;0
2025.05.27. 01:30;0.11;0
2025.05.27. 01:45;0.089;0
2025.05.27. 02:00;0.073;0
2025.05.27. 02:15;0.074;0
2025.05.27. 02:30;0.087;0
2025.05.27. 02:45;0.088;0
2025.05.27. 03:00;0.102;0
2025.05.27. 03:15;0.055;0
2025.05.27. 03:30;0.068;0
2025.05.27. 03:45;0.055;0
2025.05.27. 04:00;0.041;0
2025.05.27. 04:15;0.055;0
2025.05.27. 04:30;0.079;0
2025.05.27. 04:45;0.063;0
2025.05.27. 05:00;0.042;0
2025.05.27. 05:15;0.037;0
2025.05.27. 05:30;0.057;0.007
2025.05.27. 05:45;0.074;0.011
2025.05.27. 06:00;0.081;0.018
2025.05.27. 06:15;0.065;0.031
2025.05.27. 06:30;0.098;0.038
2025.05.27. 06:45;0.039;0.044
2025.05.27. 07:00;0.04;0.056
2025.05.27. 07:15;0.041;0.067
2025.05.27. 07:30;0.048;0.078
2025.05.27. 07:45;0.019;0.242
2025.05.27. 08:00;0;0.547
2025.05.27. 08:15;0;0.806
2025.05.27. 08:30;0;0.948
2025.05.27. 08:45;0;1.034
2025.05.27. 09:00;0;1.178
2025.05.27. 09:15;0;1.251
2025.05.27. 09:30;0.001;1.237
2025.05.27. 09:45;0;1.274
2025.05.27. 10:00;0;1.321
2025.05.27. 10:15;0;1.38
2025.05.27. 10:30;0;1.468
2025.05.27. 10:45;0;1.548
2025.05.27. 11:00;0;1.614
2025.05.27. 11:15;0;1.648
2025.05.27. 11:30;0;1.663
2025.05.27. 11:45;0;1.673
2025.05.27. 12:00;0;1.742
2025.05.27. 12:15;0;1.771
2025.05.27. 12:30;0;1.804
2025.05.27. 12:45;0;1.559
2025.05.27. 13:00;0;1.418
2025.05.27. 13:15;0;1.059
2025.05.27. 13:30;0;1.621
2025.05.27. 13:45;0;1.308
2025.05.27. 14:00;0;1.718
2025.05.27. 14:15;0;1.723
2025.05.27. 14:30;0;1.648
2025.05.27. 14:45;0;1.618
2025.05.27. 15:00;0;1.573
2025.05.27. 15:15;0;1.537
2025.05.27. 15:30;0;0.982
2025.05.27. 15:45;0;1.445
2025.05.27. 16:00;0;1.344
2025.05.27. 16:15;0;1.147
2025.05.27. 16:30;0;1.083
2025.05.27. 16:45;0;1.193
2025.05.27. 17:00;0;1.128
2025.05.27. 17:15;0;1.118
2025.05.27. 17:30;0;1.004
2025.05.27. 17:45;0;1.014
2025.05.27. 18:00;0;1.012
2025.05.27. 18:15;0;0.922
2025.05.27. 18:30;0.377;0.658
2025.05.27. 18:45;0.274;0.535
2025.05.27. 19:00;0.31;0.457
2025.05.27. 19:15;0.132;0.451
2025.05.27. 19:30;0.002;0.354
2025.05.27. 19:45;0.049;0.054
2025.05.27. 20:00;0.093;0.011
2025.05.27. 20:15;0.136;0
2025.05.27. 20:30;0.164;0
2025.05.27. 20:45;0.166;0
2025.05.27. 21:00;0.143;0
2025.05.27. 21:15;0.135;0
2025.05.27. 21:30;0.133;0
2025.05.27. 21:45;0.134;0
2025.05.27. 22:00;0.129;0
2025.05.27. 22:15;0.145;0
2025.05.27. 22:30;0.25;0
2025.05.27. 22:45;0.277;0
2025.05.27. 23:00;0.273;0
2025.05.27. 23:15;0.286;0
2025.05.27. 23:30;0.272;0
2025.05.27. 23:45;0.27;0
2025.05.28. 00:00;0.291;0
2025.05.28. 00:15;0.303;0
2025.05.28. 00:30;0.273;0
2025.05.28. 00:45;0.314;0
2025.05.28. 01:00;0.283;0
2025.05.28. 01:15;0.278;0
2025.05.28. 01:30;0.288;0
2025.05.28. 01:45;0.3;0
2025.05.28. 02:00;0.216;0
2025.05.28. 02:15;0.112;0
2025.05.28. 02:30;0.074;0
2025.05.28. 02:45;0.072;0
2025.05.28. 03:00;0.071;0
2025.05.28. 03:15;0.055;0
2025.05.28. 03:30;0.08;0
2025.05.28. 03:45;0.068;0
2025.05.28. 04:00;0.05;0
2025.05.28. 04:15;0.066;0
2025.05.28. 04:30;0.048;0
2025.05.28. 04:45;0.046;0
2025.05.28. 05:00;0.065;0
2025.05.28. 05:15;0.056;0
2025.05.28. 05:30;0.061;0.006
2025.05.28. 05:45;0.057;0.014
2025.05.28. 06:00;0.04;0.028
2025.05.28. 06:15;0.04;0.035
2025.05.28. 06:30;0.038;0.045
2025.05.28. 06:45;0.023;0.064
2025.05.28. 07:00;0.031;0.068
2025.05.28. 07:15;0.027;0.082
2025.05.28. 07:30;0.069;0.094
2025.05.28. 07:45;0.013;0.263
2025.05.28. 08:00;0;0.479
2025.05.28. 08:15;0.011;0.496
2025.05.28. 08:30;0.044;0.489
2025.05.28. 08:45;0;0.809
2025.05.28. 09:00;0;0.872
2025.05.28. 09:15;0;0.893
2025.05.28. 09:30;0;1.033
2025.05.28. 09:45;0;1.11
2025.05.28. 10:00;0;1.123
2025.05.28. 10:15;0;1.188
2025.05.28. 10:30;0;1.223
2025.05.28. 10:45;0;1.277
2025.05.28. 11:00;0.013;1.18
2025.05.28. 11:15;0.003;1.25
2025.05.28. 11:30;0;0.764
2025.05.28. 11:45;0;1.45
2025.05.28. 12:00;0;1.122
2025.05.28. 12:15;0;0.781
2025.05.28. 12:30;0;1.328
2025.05.28. 12:45;0;1.294
2025.05.28. 13:00;0;1.343
2025.05.28. 13:15;0;1.435
2025.05.28. 13:30;0;1.72
2025.05.28. 13:45;0;1.062
2025.05.28. 14:00;0;1.273
2025.05.28. 14:15;0;0.84
2025.05.28. 14:30;0;1.253
2025.05.28. 14:45;0;1.186
2025.05.28. 15:00;0;0.501
2025.05.28. 15:15;0;0.983
2025.05.28. 15:30;0;0.661
2025.05.28. 15:45;0;0.888
2025.05.28. 16:00;0;1.034
2025.05.28. 16:15;0;1.017
2025.05.28. 16:30;0;0.824
2025.05.28. 16:45;0;0.565
2025.05.28. 17:00;0;0.569
2025.05.28. 17:15;0;0.451
2025.05.28. 17:30;0;0.399
2025.05.28. 17:45;0;0.202
2025.05.28. 18:00;0.005;0.112
2025.05.28. 18:15;0;0.344
2025.05.28. 18:30;0;0.257
2025.05.28. 18:45;0.001;0.185
2025.05.28. 19:00;0.023;0.084
2025.05.28. 19:15;0.081;0.016
2025.05.28. 19:30;0.105;0.006
2025.05.28. 19:45;0.105;0.002
2025.05.28. 20:00;0.113;0.001
2025.05.28. 20:15;0.094;0
2025.05.28. 20:30;0.094;0
2025.05.28. 20:45;0.149;0
2025.05.28. 21:00;0.159;0
2025.05.28. 21:15;0.16;0
2025.05.28. 21:30;0.162;0
2025.05.28. 21:45;0.136;0
2025.05.28. 22:00;0.122;0
2025.05.28. 22:15;0.147;0
2025.05.28. 22:30;0.134;0
2025.05.28. 22:45;0.142;0
2025.05.28. 23:00;0.129;0
2025.05.28. 23:15;0.107;0
2025.05.28. 23:30;0.1;0
2025.05.28. 23:45;0.06;0
2025.05.29. 00:00;0.061;0
2025.05.29. 00:15;0.097;0
2025.05.29. 00:30;0.082;0
2025.05.29. 00:45;0.064;0
2025.05.29. 01:00;0.063;0
2025.05.29. 01:15;0.054;0
2025.05.29. 01:30;0.042;0
2025.05.29. 01:45;0.072;0
2025.05.29. 02:00;0.109;0
2025.05.29. 02:15;0.081;0
2025.05.29. 02:30;0.085;0
2025.05.29. 02:45;0.086;0
2025.05.29. 03:00;0.085;0
2025.05.29. 03:15;0.091;0
2025.05.29. 03:30;0.091;0
2025.05.29. 03:45;0.094;0
2025.05.29. 04:00;0.074;0
2025.05.29. 04:15;0.079;0
2025.05.29. 04:30;0.088;0
2025.05.29. 04:45;0.105;0
2025.05.29. 05:00;0.06;0
2025.05.29. 05:15;0.055;0
2025.05.29. 05:30;0.054;0.005
2025.05.29. 05:45;0.022;0.016
2025.05.29. 06:00;0.013;0.039
2025.05.29. 06:15;0.04;0.032
2025.05.29. 06:30;0.032;0.026
2025.05.29. 06:45;0.001;0.036
2025.05.29. 07:00;0.035;0.046
2025.05.29. 07:15;0.031;0.033
2025.05.29. 07:30;0.047;0.039
2025.05.29. 07:45;0.134;0.085
2025.05.29. 08:00;0.046;0.379
2025.05.29. 08:15;0.038;0.593
2025.05.29. 08:30;0.008;0.707
2025.05.29. 08:45;0;0.86
2025.05.29. 09:00;0.013;0.806
2025.05.29. 09:15;0.004;1.023
2025.05.29. 09:30;0.008;0.961
2025.05.29. 09:45;0.006;1.152
2025.05.29. 10:00;0.018;0.988
2025.05.29. 10:15;0.007;1.103
2025.05.29. 10:30;0.025;0.545
2025.05.29. 10:45;0.004;1.072
2025.05.29. 11:00;0.011;0.95
2025.05.29. 11:15;0.006;1.304
2025.05.29. 11:30;0;1.48
2025.05.29. 11:45;0;1.065
2025.05.29. 12:00;0;1.473
2025.05.29. 12:15;0;1.467
2025.05.29. 12:30;0;1.157
2025.05.29. 12:45;0;1.272
2025.05.29. 13:00;0;1.395
2025.05.29. 13:15;0;0.534
2025.05.29. 13:30;0;0.855
2025.05.29. 13:45;0;0.858
2025.05.29. 14:00;0;1.075
2025.05.29. 14:15;0;0.674
2025.05.29. 14:30;0;0.776
2025.05.29. 14:45;0;1.157
2025.05.29. 15:00;0.001;0.349
2025.05.29. 15:15;0;1.129
2025.05.29. 15:30;0;1.374
2025.05.29. 15:45;0;1.239
2025.05.29. 16:00;0;0.405
2025.05.29. 16:15;0;0.321
2025.05.29. 16:30;0;0.386
2025.05.29. 16:45;0;1.018
2025.05.29. 17:00;0;0.699
2025.05.29. 17:15;0.01;0.402
2025.05.29. 17:30;0.189;0.713
2025.05.29. 17:45;0.068;0.942
2025.05.29. 18:00;0.116;0.652
2025.05.29. 18:15;0.02;0.829
2025.05.29. 18:30;0;0.817
2025.05.29. 18:45;0.003;0.85
2025.05.29. 19:00;0;0.788
2025.05.29. 19:15;0;0.576
2025.05.29. 19:30;0.009;0.312
2025.05.29. 19:45;0.04;0.093
2025.05.29. 20:00;0.084;0.012
2025.05.29. 20:15;0.096;0.003
2025.05.29. 20:30;0.12;0
2025.05.29. 20:45;0.121;0
2025.05.29. 21:00;0.069;0
2025.05.29. 21:15;0.088;0
2025.05.29. 21:30;0.069;0
2025.05.29. 21:45;0.065;0
2025.05.29. 22:00;0.093;0
2025.05.29. 22:15;0.074;0
2025.05.29. 22:30;0.062;0
2025.05.29. 22:45;0.053;0
2025.05.29. 23:00;0.078;0
2025.05.29. 23:15;0.117;0
2025.05.29. 23:30;0.102;0
2025.05.29. 23:45;0.093;0
2025.05.30. 00:00;0.089;0
2025.05.30. 00:15;0.078;0
2025.05.30. 00:30;0.078;0
2025.05.30. 00:45;0.099;0
2025.05.30. 01:00;0.099;0
2025.05.30. 01:15;0.083;0
2025.05.30. 01:30;0.088;0
2025.05.30. 01:45;0.087;0
2025.05.30. 02:00;0.085;0
2025.05.30. 02:15;0.058;0
2025.05.30. 02:30;0.041;0
2025.05.30. 02:45;0.041;0
2025.05.30. 03:00;0.041;0
2025.05.30. 03:15;0.087;0
2025.05.30. 03:30;0.095;0
2025.05.30. 03:45;0.053;0
2025.05.30. 04:00;0.042;0
2025.05.30. 04:15;0.041;0
2025.05.30. 04:30;0.08;0
2025.05.30. 04:45;0.087;0
2025.05.30. 05:00;0.113;0
2025.05.30. 05:15;0.084;0
2025.05.30. 05:30;0.06;0.005
2025.05.30. 05:45;0.053;0.011
2025.05.30. 06:00;0.085;0.015
2025.05.30. 06:15;0.151;0.02
2025.05.30. 06:30;0.134;0.016
2025.05.30. 06:45;0.222;0.018
2025.05.30. 07:00;0.048;0.038
2025.05.30. 07:15;0.006;0.088
2025.05.30. 07:30;0.001;0.145
2025.05.30. 07:45;0;0.289
2025.05.30. 08:00;0;0.719
2025.05.30. 08:15;0;0.869
2025.05.30. 08:30;0;0.974
2025.05.30. 08:45;0;1.011
2025.05.30. 09:00;0;1.001
2025.05.30. 09:15;0;1.269
2025.05.30. 09:30;0;1.07
2025.05.30. 09:45;0;1.129
2025.05.30. 10:00;0;1.031
2025.05.30. 10:15;0;0.991
2025.05.30. 10:30;0;1.043
2025.05.30. 10:45;0;1.4
2025.05.30. 11:00;0;1.549
2025.05.30. 11:15;0;1.414
2025.05.30. 11:30;0;1.202
2025.05.30. 11:45;0;1.686
2025.05.30. 12:00;0;1.655
2025.05.30. 12:15;0;1.745
2025.05.30. 12:30;0;1.597
2025.05.30. 12:45;0;1.666
2025.05.30. 13:00;0;1.46
2025.05.30. 13:15;0;1.318
2025.05.30. 13:30;0;1.246
2025.05.30. 13:45;0;1.221
2025.05.30. 14:00;0;1.121
2025.05.30. 14:15;0;1.099
2025.05.30. 14:30;0;1.234
2025.05.30. 14:45;0;1.059
2025.05.30. 15:00;0;1.049
2025.05.30. 15:15;0;1.077
2025.05.30. 15:30;0;0.981
2025.05.30. 15:45;0;1.111
2025.05.30. 16:00;0;0.818
2025.05.30. 16:15;0;0.923
2025.05.30. 16:30;0;1.179
2025.05.30. 16:45;0;1.006
2025.05.30. 17:00;0;1.151
2025.05.30. 17:15;0;0.713
2025.05.30. 17:30;0;0.955
2025.05.30. 17:45;0;0.47
2025.05.30. 18:00;0;0.215
2025.05.30. 18:15;0;0.294
2025.05.30. 18:30;0;0.294
2025.05.30. 18:45;0;0.162
2025.05.30. 19:00;0;0.137
2025.05.30. 19:15;0;0.204
2025.05.30. 19:30;0;0.133
2025.05.30. 19:45;0.014;0.064
2025.05.30. 20:00;0.048;0.016
2025.05.30. 20:15;0.095;0.002
2025.05.30. 20:30;0.135;0
2025.05.30. 20:45;0.13;0
2025.05.30. 21:00;0.115;0
2025.05.30. 21:15;0.104;0
2025.05.30. 21:30;0.093;0
2025.05.30. 21:45;0.123;0
2025.05.30. 22:00;0.14;0
2025.05.30. 22:15;0.143;0
2025.05.30. 22:30;0.144;0
2025.05.30. 22:45;0.127;0
2025.05.30. 23:00;0.114;0
2025.05.30. 23:15;0.13;0
2025.05.30. 23:30;0.117;0
2025.05.30. 23:45;0.101;0
2025.05.31. 00:00;0.071;0
2025.05.31. 00:15;0.095;0
2025.05.31. 00:30;0.107;0
2025.05.31. 00:45;0.131;0
2025.05.31. 01:00;0.092;0
2025.05.31. 01:15;0.085;0
2025.05.31. 01:30;0.083;0
2025.05.31. 01:45;0.09;0
2025.05.31. 02:00;0.107;0
2025.05.31. 02:15;0.129;0
2025.05.31. 02:30;0.111;0
2025.05.31. 02:45;0.091;0
2025.05.31. 03:00;0.082;0
2025.05.31. 03:15;0.082;0
2025.05.31. 03:30;0.076;0
2025.05.31. 03:45;0.089;0
2025.05.31. 04:00;0.073;0
2025.05.31. 04:15;0.052;0
2025.05.31. 04:30;0.075;0
2025.05.31. 04:45;0.07;0
2025.05.31. 05:00;0.059;0
2025.05.31. 05:15;0.085;0
2025.05.31. 05:30;0.061;0.004
2025.05.31. 05:45;0.058;0.01
2025.05.31. 06:00;0.049;0.015
2025.05.31. 06:15;0.035;0.021
2025.05.31. 06:30;0.051;0.03
2025.05.31. 06:45;0.051;0.028
2025.05.31. 07:00;0.037;0.036
2025.05.31. 07:15;0.033;0.055
2025.05.31. 07:30;0.024;0.067
2025.05.31. 07:45;0.007;0.108
2025.05.31. 08:00;0;0.497
2025.05.31. 08:15;0.056;0.609
2025.05.31. 08:30;0;0.902
2025.05.31. 08:45;0;0.837
2025.05.31. 09:00;0.139;0.902
2025.05.31. 09:15;0.103;0.886
2025.05.31. 09:30;0.012;1.037
2025.05.31. 09:45;0.007;1.076
2025.05.31. 10:00;0.13;0.859
2025.05.31. 10:15;0.024;1.154
2025.05.31. 10:30;0;1.278
2025.05.31. 10:45;0.008;1.239
2025.05.31. 11:00;0;1.423
2025.05.31. 11:15;0;1.476
2025.05.31. 11:30;0;1.334
2025.05.31. 11:45;0;1.431
2025.05.31. 12:00;0.034;1.079
2025.05.31. 12:15;0;1.576
2025.05.31. 12:30;0.001;1.452
2025.05.31. 12:45;0;1.675
2025.05.31. 13:00;0;1.712
2025.05.31. 13:15;0;1.513
2025.05.31. 13:30;0;1.703
2025.05.31. 13:45;0;1.659
2025.05.31. 14:00;0;1.676
2025.05.31. 14:15;0;1.703
2025.05.31. 14:30;0.04;1.335
2025.05.31. 14:45;0.019;1.145
2025.05.31. 15:00;0.035;1.116
2025.05.31. 15:15;0;1.418
2025.05.31. 15:30;0;1.274
2025.05.31. 15:45;0;1.161
2025.05.31. 16:00;0.259;0.923
2025.05.31. 16:15;0.114;0.981
2025.05.31. 16:30;0.01;0.862
2025.05.31. 16:45;0;0.851
2025.05.31. 17:00;0;1.028
2025.05.31. 17:15;0.09;0.652
2025.05.31. 17:30;0.003;0.788
2025.05.31. 17:45;0.007;0.747
2025.05.31. 18:00;0;0.791
2025.05.31. 18:15;0;0.758
2025.05.31. 18:30;0;0.716
2025.05.31. 18:45;0;0.615
2025.05.31. 19:00;0.023;0.191
2025.05.31. 19:15;0;0.416
2025.05.31. 19:30;0;0.303
2025.05.31. 19:45;0.044;0.132
2025.05.31. 20:00;0.085;0.025
2025.05.31. 20:15;0.121;0.005
2025.05.31. 20:30;0.159;0
2025.05.31. 20:45;0.15;0
2025.05.31. 21:00;0.193;0
2025.05.31. 21:15;0.173;0
2025.05.31. 21:30;0.227;0
2025.05.31. 21:45;0.229;0
2025.05.31. 22:00;0.206;0
2025.05.31. 22:15;0.184;0
2025.05.31. 22:30;0.142;0
2025.05.31. 22:45;0.238;0
2025.05.31. 23:00;0.218;0
2025.05.31. 23:15;0.194;0
2025.05.31. 23:30;0.165;0
2025.05.31. 23:45;0.168;0
